averaged_pi_pearson,averaged_pi_spearman,averaged_pi_top0.05_damage_lift,averaged_pi_top0.05_enrichment,averaged_pi_top0.05_pred_damage,averaged_pi_top0.05_random_damage,averaged_pi_top0.1_damage_lift,averaged_pi_top0.1_enrichment,averaged_pi_top0.1_pred_damage,averaged_pi_top0.1_random_damage,averaged_pi_top0.2_damage_lift,averaged_pi_top0.2_enrichment,averaged_pi_top0.2_pred_damage,averaged_pi_top0.2_random_damage,avg_set_pearson,avg_set_spearman,avg_set_top0.05_overlap_rate,avg_set_top0.1_overlap_rate,avg_set_top0.2_overlap_rate,backbone,elapsed_seconds,forget_answer_mean_token_prob_delta_mean,forget_base_answer_mean_token_prob_mean,forget_base_loss_mean,forget_batch_size,forget_final_answer_mean_token_prob_mean,forget_final_loss_mean,forget_loss_delta_mean,forget_split,learning_rate,mean_damage,mean_pi,model_name,pearson,probe_batches,probe_learning_rate,retain_split,run,seed,semantic_baseline_pearson,semantic_baseline_spearman,semantic_baseline_top0.05_damage_lift,semantic_baseline_top0.05_enrichment,semantic_baseline_top0.05_pred_damage,semantic_baseline_top0.05_random_damage,semantic_baseline_top0.1_damage_lift,semantic_baseline_top0.1_enrichment,semantic_baseline_top0.1_pred_damage,semantic_baseline_top0.1_random_damage,semantic_baseline_top0.2_damage_lift,semantic_baseline_top0.2_enrichment,semantic_baseline_top0.2_pred_damage,semantic_baseline_top0.2_random_damage,set_gradient_pi_pearson,set_gradient_pi_spearman,set_gradient_pi_top0.05_damage_lift,set_gradient_pi_top0.05_enrichment,set_gradient_pi_top0.05_pred_damage,set_gradient_pi_top0.05_random_damage,set_gradient_pi_top0.1_damage_lift,set_gradient_pi_top0.1_enrichment,set_gradient_pi_top0.1_pred_damage,set_gradient_pi_top0.1_random_damage,set_gradient_pi_top0.2_damage_lift,set_gradient_pi_top0.2_enrichment,set_gradient_pi_top0.2_pred_damage,set_gradient_pi_top0.2_random_damage,spearman,summary_path,top0.05_damage_lift,top0.05_damage_ratio,top0.05_enrichment,top0.05_precision,top0.05_pred_damage,top0.05_random_damage,top0.1_damage_lift,top0.1_damage_ratio,top0.1_enrichment,top0.1_precision,top0.1_pred_damage,top0.1_random_damage,top0.2_damage_lift,top0.2_damage_ratio,top0.2_enrichment,top0.2_precision,top0.2_pred_damage,top0.2_random_damage,train_loss_first,train_loss_last,train_steps
0.7892223786379806,0.6535190620762482,1.248188862207532,14.399999999999999,2.486400281190872,1.2382114189833402,0.8684519177764654,6.6,2.111255744099617,1.2428038263231516,0.5412447202600539,3.25,1.7817356665432453,1.2404909462831915,0.7480830062864563,0.48714316026407695,0.76,0.7,0.54,NPO,693.137656211853,-0.5157592840582732,0.6580926495036911,0.425482913851738,1,0.14233336544541783,2.0482350677251815,1.6227521538734435,forget01,1e-05,1.2404192081987857,0.1740466520510614,Llama-2-7b-chat-hf,0.7892223786379806,128,1e-05,retain99,Llama-2-7b-chat-hf_forget01_retain99_NPO_seed0_fb1_pb128_both_65990_4,0,0.13101279943664962,0.10275314701258806,0.14145249405801286,0.7999999999999999,1.377069398164749,1.2356169041067362,0.1410455536663533,1.5999999999999999,1.3838853096961976,1.2428397560298443,0.0771259108036757,1.0499999999999998,1.3154735797643662,1.2383476689606905,0.9001789081987304,0.7806754774381214,1.4004800221145153,18.4,2.641611738204956,1.2411317160904407,1.0123051006242632,8.6,2.247247238755226,1.2349421381309629,0.6387918730668725,3.8,1.8800321847200394,1.241240311653167,0.6535190620762482,results/piper_pi_required/Llama-2-7b-chat-hf_forget01_retain99_NPO_seed0_fb1_pb128_both_65990_4/summary.json,1.2534972794741392,2.0167038913269986,14.399999999999999,0.72,2.486400281190872,1.2329030017167328,0.8784742596328259,1.7125952739408543,6.6,0.66,2.111255744099617,1.232781484466791,0.5395508824460209,1.4343563770491257,3.25,0.65,1.7817356665432453,1.2421847840972244,14.084490776062012,0.11748187988996506,80
0.7381872820085958,0.6360279841119365,1.0982047904640435,10.4,2.3341217279434203,1.2359169374793768,0.8232090957373381,5.799999999999999,2.063781088590622,1.240571992853284,0.5326308634974064,3.0999999999999996,1.7711143542826175,1.2384834907852111,0.6744227249854502,0.4344120096480386,0.56,0.64,0.51,NPO,299.91353821754456,-0.515927116397292,0.6580926495036911,0.425482913851738,1,0.14216553310639896,2.0523054212331773,1.6268225073814393,forget01,1e-05,1.2385109930336475,0.13907975146919488,Llama-2-7b-chat-hf,0.7381872820085958,16,1e-05,retain99,Llama-2-7b-chat-hf_forget01_retain99_NPO_seed0_fb1_pb16_both_65979_1,0,0.13472342444154428,0.10519136476545907,0.1464887712925671,0.7999999999999999,1.3797730243206023,1.2332842530280352,0.15259025457501418,1.5999999999999999,1.3936831629276276,1.2410929083526134,0.08011001679599294,1.0999999999999999,1.3163267934322358,1.2362167766362429,0.8911211263908305,0.7579464557858231,1.3966661969602108,18.4,2.6364533925056457,1.239787195545435,1.0000436696693302,8.2,2.2334040933847428,1.2333604237154125,0.6222587311945855,3.75,1.861572382748127,1.2393136515535415,0.6360279841119365,results/piper_pi_required/Llama-2-7b-chat-hf_forget01_retain99_NPO_seed0_fb1_pb16_both_65979_1/summary.json,1.1030139718025922,1.8959524187064067,10.4,0.52,2.3341217279434203,1.2311077561408281,0.83284491122365,1.6765947142809166,5.799999999999999,0.58,2.063781088590622,1.230936177366972,0.5306395885162054,1.4277713688019733,3.0999999999999996,0.62,1.7711143542826175,1.2404747657664121,13.82434368133545,0.13307279348373413,80
0.7833564882509342,0.6869812439249756,1.1781487498790026,11.999999999999998,2.4107639980316162,1.2326152481526136,0.8780769057005642,6.8,2.1154060155153274,1.2373291098147632,0.5622401737399401,3.4499999999999997,1.7973535279929638,1.2351133542530237,0.742885931327115,0.5251250765003059,0.68,0.72,0.59,NPO,519.2103090286255,-0.5151694769935087,0.6580926495036911,0.425482913851738,1,0.14292317251018227,2.042861968278885,1.617379054427147,forget01,1e-05,1.2352177061140537,0.17364689154084773,Llama-2-7b-chat-hf,0.7833564882509342,32,1e-05,retain99,Llama-2-7b-chat-hf_forget01_retain99_NPO_seed0_fb1_pb32_both_65981_2,0,0.13257704272930576,0.10249932199728798,0.14432463286817065,1.5999999999999999,1.374350928068161,1.2300262951999903,0.1465946595430374,1.5999999999999999,1.3843947386741637,1.2378000791311263,0.078993555945158,1.0,1.312026428580284,1.233032872635126,0.8945252736108105,0.7775715262861052,1.401391032785177,18.4,2.6376511096954345,1.2362600769102574,1.0048972121044992,8.399999999999999,2.2348700207471848,1.2299728086426855,0.6350585797034205,3.85,1.871100704073906,1.2360421243704856,0.6869812439249756,results/piper_pi_required/Llama-2-7b-chat-hf_forget01_retain99_NPO_seed0_fb1_pb32_both_65981_2/summary.json,1.1830950637549162,1.9636922713630078,11.999999999999998,0.6,2.4107639980316162,1.2276689342767,0.8877152168214322,1.7230771931872804,6.8,0.68,2.1154060155153274,1.2276907986938952,0.5601958838872612,1.4528088126491001,3.4499999999999997,0.69,1.7973535279929638,1.2371576441057026,13.992756843566895,0.12425892800092697,80
0.7892223786379806,0.6535190620762482,1.248188862207532,14.399999999999999,2.486400281190872,1.2382114189833402,0.8684519177764654,6.6,2.111255744099617,1.2428038263231516,0.5412447202600539,3.25,1.7817356665432453,1.2404909462831915,0.7480830062864563,0.48714316026407695,0.76,0.7,0.54,NPO,627.2274191379547,-0.5157592840582732,0.6580926495036911,0.425482913851738,1,0.14233336544541783,2.0482350677251815,1.6227521538734435,forget01,1e-05,1.2404192081987857,0.1740466520510614,Llama-2-7b-chat-hf,0.7892223786379806,64,1e-05,retain99,Llama-2-7b-chat-hf_forget01_retain99_NPO_seed0_fb1_pb64_both_65988_3,0,0.13101279943664962,0.10275314701258806,0.14145249405801286,0.7999999999999999,1.377069398164749,1.2356169041067362,0.1410455536663533,1.5999999999999999,1.3838853096961976,1.2428397560298443,0.0771259108036757,1.0499999999999998,1.3154735797643662,1.2383476689606905,0.9001789081987304,0.7806754774381214,1.4004800221145153,18.4,2.641611738204956,1.2411317160904407,1.0123051006242632,8.6,2.247247238755226,1.2349421381309629,0.6387918730668725,3.8,1.8800321847200394,1.241240311653167,0.6535190620762482,results/piper_pi_required/Llama-2-7b-chat-hf_forget01_retain99_NPO_seed0_fb1_pb64_both_65988_3/summary.json,1.2534972794741392,2.0167038913269986,14.399999999999999,0.72,2.486400281190872,1.2329030017167328,0.8784742596328259,1.7125952739408543,6.6,0.66,2.111255744099617,1.232781484466791,0.5395508824460209,1.4343563770491257,3.25,0.65,1.7817356665432453,1.2421847840972244,14.084490776062012,0.11748187988996506,80
0.7866892178744539,0.6911361405445622,1.229269020751119,13.6,2.4751134443283083,1.2458444235771893,0.8763783944517376,6.3999999999999995,2.127616410851479,1.2512380163997412,0.5698957929141817,3.4,1.8188521583378314,1.2489563654236497,0.8065138034706999,0.6210526922107689,0.72,0.74,0.63,NPO,198.36297130584717,-0.5186276358405955,0.6580926495036911,0.425482913851738,1,0.1394650136630956,2.0684668481349946,1.6429839342832566,forget01,1e-05,1.2491315597593784,0.19232011712156236,Llama-2-7b-chat-hf,0.7866892178744539,8,1e-05,retain99,Llama-2-7b-chat-hf_forget01_retain99_NPO_seed0_fb1_pb8_both_65977_0,0,0.13068812121997742,0.10099297997191987,0.14205817637145524,1.5999999999999999,1.3869782054424287,1.2449200290709734,0.1428940587997436,1.5999999999999999,1.394969892501831,1.2520758337020874,0.07797551970779892,1.0499999999999998,1.325117364525795,1.247141844817996,0.909172841867834,0.8011723566894268,1.4255475263535977,19.2,2.675168113708496,1.2496205873548984,1.0199299783632159,8.399999999999999,2.263665105700493,1.243735127337277,0.6345126139841974,3.8,1.8844910550117493,1.2499784410275518,0.6911361405445622,results/piper_pi_required/Llama-2-7b-chat-hf_forget01_retain99_NPO_seed0_fb1_pb8_both_65977_0/summary.json,1.2333971130818129,1.9933002265047677,13.6,0.68,2.4751134443283083,1.2417163312464954,0.8864077390491965,1.7141488447402633,6.3999999999999995,0.64,2.127616410851479,1.2412086718022823,0.5675905267290768,1.453614585783568,3.4,0.68,1.8188521583378314,1.2512616316087546,14.069082260131836,0.14162534475326538,80
0.870988057552175,0.7515700142800571,1.3912399429112672,17.599999999999998,2.7164864206314085,1.3252464777201414,0.9603921298831701,7.3999999999999995,2.290817221403122,1.330425091519952,0.6084879882790148,3.55,1.9365838754177094,1.3280958871386945,0.9770282062862737,0.9517546230184921,0.96,0.94,0.91,NPO,299.66169333457947,-0.5299397258223638,0.655894544891918,0.429169750213623,2,0.12595481906955422,2.175311279296875,1.746141529083252,forget01,1e-05,1.328656905800104,0.4006227838993073,Llama-2-7b-chat-hf,0.870988057552175,16,1e-05,retain99,Llama-2-7b-chat-hf_forget01_retain99_NPO_seed0_fb2_pb16_both_65993_6,0,0.12057235459876835,0.08495035580142321,0.10804792834222332,0.7999999999999999,1.4329767644405365,1.3249288360983131,0.11711032628416995,1.5999999999999999,1.44937304854393,1.33226272225976,0.06478323420584187,0.8999999999999999,1.3923371279239654,1.3275538937181235,0.839210010217285,0.6798501434005735,1.3916374352991578,17.599999999999998,2.719446141719818,1.3278087064206603,0.9713500484988093,7.6,2.2955984860658645,1.3242484375670551,0.5916062522046268,3.4,1.9207030886411667,1.3290968364365399,0.7515700142800571,results/piper_pi_required/Llama-2-7b-chat-hf_forget01_retain99_NPO_seed0_fb2_pb16_both_65993_6/summary.json,1.39499967456758,2.055628956342329,17.599999999999998,0.88,2.7164864206314085,1.3214867460638287,0.9708006417512896,1.7354457941788488,7.3999999999999995,0.74,2.290817221403122,1.3200165796518326,0.6047479032598435,1.4540708585007052,3.55,0.71,1.9365838754177094,1.3318359721578659,14.029943466186523,0.005364234559237957,80
0.8984963530100586,0.7957176148704593,1.3991218208581209,18.4,2.697325870990753,1.2982040501326322,0.9661235915452242,7.3999999999999995,2.270517820715904,1.3043942291706798,0.6310211656548086,3.75,1.9326606878638268,1.3016395222090182,0.9745356608378718,0.9386406825627301,0.92,0.92,0.91,NPO,385.3047354221344,-0.5208774561859603,0.655894544891918,0.429169750213623,2,0.1350170887059577,2.1048579841852186,1.6756882339715957,forget01,1e-05,1.3016566597521304,0.37599908787533637,Llama-2-7b-chat-hf,0.8984963530100586,32,1e-05,retain99,Llama-2-7b-chat-hf_forget01_retain99_NPO_seed0_fb2_pb32_both_65994_7,0,0.12625770692797428,0.08655423421693687,0.1256155562251806,0.7999999999999999,1.422848151922226,1.2972325956970454,0.13461091327667218,1.5999999999999999,1.4394598031044006,1.3048488898277284,0.07388791266679773,1.0,1.3738519728183747,1.299964060151577,0.8799980015368417,0.735253213012852,1.4026312342345713,19.2,2.7043819046020507,1.3017506703674795,0.9879638145014642,7.8,2.2845129972696303,1.296549182768166,0.6220714909069238,3.5999999999999996,1.9245500606298447,1.3024785697229209,0.7957176148704593,results/piper_pi_required/Llama-2-7b-chat-hf_forget01_retain99_NPO_seed0_fb2_pb32_both_65994_7/summary.json,1.4032031111210583,2.084289029320794,18.4,0.92,2.697325870990753,1.2941227598696947,0.9772025057315821,1.7555794742471043,7.3999999999999995,0.74,2.270517820715904,1.293315314984322,0.6283858443580568,1.4817894383893917,3.75,0.75,1.9326606878638268,1.30427484350577,13.84068775177002,0.0072799911722540855,80
0.8984963530100586,0.7957176148704593,1.3991218208581209,18.4,2.697325870990753,1.2982040501326322,0.9661235915452242,7.3999999999999995,2.270517820715904,1.3043942291706798,0.6310211656548086,3.75,1.9326606878638268,1.3016395222090182,0.9745356608378718,0.9386406825627301,0.92,0.92,0.91,NPO,434.5936336517334,-0.5208774561859603,0.655894544891918,0.429169750213623,2,0.1350170887059577,2.1048579841852186,1.6756882339715957,forget01,1e-05,1.3016566597521304,0.37599908787533637,Llama-2-7b-chat-hf,0.8984963530100586,64,1e-05,retain99,Llama-2-7b-chat-hf_forget01_retain99_NPO_seed0_fb2_pb64_both_65995_8,0,0.12625770692797428,0.08655423421693687,0.1256155562251806,0.7999999999999999,1.422848151922226,1.2972325956970454,0.13461091327667218,1.5999999999999999,1.4394598031044006,1.3048488898277284,0.07388791266679773,1.0,1.3738519728183747,1.299964060151577,0.8799980015368417,0.735253213012852,1.4026312342345713,19.2,2.7043819046020507,1.3017506703674795,0.9879638145014642,7.8,2.2845129972696303,1.296549182768166,0.6220714909069238,3.5999999999999996,1.9245500606298447,1.3024785697229209,0.7957176148704593,results/piper_pi_required/Llama-2-7b-chat-hf_forget01_retain99_NPO_seed0_fb2_pb64_both_65995_8/summary.json,1.4032031111210583,2.084289029320794,18.4,0.92,2.697325870990753,1.2941227598696947,0.9772025057315821,1.7555794742471043,7.3999999999999995,0.74,2.270517820715904,1.293315314984322,0.6283858443580568,1.4817894383893917,3.75,0.75,1.9326606878638268,1.30427484350577,13.84068775177002,0.0072799911722540855,80
0.8722370428817774,0.7296059904239616,1.3804553258806467,17.599999999999998,2.69447772026062,1.3140223943799734,0.9677438235074285,7.6,2.287100529074669,1.3193567055672406,0.6084062563903632,3.4,1.9256067508459092,1.317200494455546,0.9848296823799011,0.9697275269101076,0.92,0.94,0.92,NPO,190.23151016235352,-0.5266863636046581,0.655894544891918,0.429169750213623,2,0.12920818128725986,2.1496390223503115,1.7204692721366883,forget01,1e-05,1.3175937050879,0.46329606941342355,Llama-2-7b-chat-hf,0.8722370428817774,8,1e-05,retain99,Llama-2-7b-chat-hf_forget01_retain99_NPO_seed0_fb2_pb8_both_65992_5,0,0.12265666089959562,0.08566987867951471,0.11366938496530055,0.7999999999999999,1.4273168075084686,1.313647422543168,0.12193805459141704,1.5999999999999999,1.4428640115261078,1.3209259569346907,0.06673891991078862,0.8999999999999999,1.3829688799381257,1.316229960027337,0.8542429647317846,0.6920228960915843,1.401600325912237,19.2,2.718730592727661,1.3171302668154241,0.988233079956472,7.6,2.301069604754448,1.3128365247979759,0.5995412024401128,3.4,1.91769999563694,1.3181587931968273,0.7296059904239616,results/piper_pi_required/Llama-2-7b-chat-hf_forget01_retain99_NPO_seed0_fb2_pb8_both_65992_5/summary.json,1.3839929830878972,2.056092409037715,17.599999999999998,0.88,2.69447772026062,1.3104847371727228,0.9778949216008188,1.7469376208124368,7.6,0.76,2.287100529074669,1.3092056074738503,0.6048366459272803,1.4579424107759795,3.4,0.68,1.9256067508459092,1.320770104918629,13.962324142456055,0.005658595822751522,80
0.7878351034048904,0.5977173988695954,1.2010446551531553,13.6,2.4438081157207487,1.2427634605675935,0.8664267345517871,6.8,2.1115011370182035,1.2450744024664164,0.5546545476444067,3.4499999999999997,1.7937223836779594,1.2390678360335527,0.780739964013005,0.5067231468925876,0.72,0.74,0.69,NPO,626.1225833892822,-0.5061752927867416,0.658092649503691,0.425482913851738,1,0.1519173567169495,1.985241374373436,1.559758460521698,forget01,1e-05,1.240609226167202,0.2125110211133957,Llama-2-7b-chat-hf,0.7878351034048904,128,1e-05,retain99,Llama-2-7b-chat-hf_forget01_retain99_NPO_seed1_fb1_pb128_both_66015_13,1,0.15796862606820106,0.060818259273037086,0.35362123858630645,3.1999999999999997,1.5931761395931243,1.2395549010068179,0.2177369651287795,2.0,1.4619223481416703,1.2441853830128908,0.098219407106936,1.0499999999999998,1.3388064271211624,1.2405870200142264,0.9165930918682984,0.8174523898095593,1.3637192976117134,16.799999999999997,2.6043735003471373,1.240654202735424,0.9648804897204044,8.6,2.2119231748580934,1.247042685137689,0.6431604171894492,3.8,1.8840791600942612,1.240918742904812,0.5977173988695954,results/piper_pi_required/Llama-2-7b-chat-hf_forget01_retain99_NPO_seed1_fb1_pb128_both_66015_13/summary.json,1.1985028653115033,1.9624169374678526,13.6,0.68,2.4438081157207487,1.2453052504092454,0.8784355892583724,1.7123997510548148,6.8,0.68,2.1115011370182035,1.2330655477598311,0.5501275962069629,1.4423688501667937,3.4499999999999997,0.69,1.7937223836779594,1.2435947874709965,14.594343185424805,0.013469455763697624,80
0.8434249056746057,0.6924131376525506,1.37167991309464,14.399999999999999,2.686971470117569,1.315291557022929,0.963416090285778,6.3999999999999995,2.281332967877388,1.31791687759161,0.635345834530145,3.5999999999999996,1.9469450041651726,1.3115991696350275,0.6707409957926749,0.6815775743102972,0.44,0.48,0.49,NPO,301.55411887168884,-0.5216538440186701,0.658092649503691,0.425482913851738,1,0.136438805485021,2.1293427675962446,1.7038598537445069,forget01,1e-05,1.3127218961715699,0.2821821661666036,Llama-2-7b-chat-hf,0.8434249056746057,16,1e-05,retain99,Llama-2-7b-chat-hf_forget01_retain99_NPO_seed1_fb1_pb16_both_66000_10,1,0.16869009389877093,0.07712162048648195,0.39826359213292584,4.0,1.7104339325428009,1.312170340409875,0.24865913683176055,2.0,1.565598459839821,1.3169393230080604,0.11039225372672079,1.0999999999999999,1.4229872751235961,1.3125950213968753,0.5921862417693153,0.6271264445057779,0.6942387800872327,4.8,2.0081214451789857,1.313882665091753,0.5921284424170852,4.0,1.9115083754062652,1.31937993298918,0.4202612110160293,2.65,1.7333325639367103,1.313071352920681,0.6924131376525506,results/piper_pi_required/Llama-2-7b-chat-hf_forget01_retain99_NPO_seed1_fb1_pb16_both_66000_10/summary.json,1.3693957865327597,2.0393298871507404,14.399999999999999,0.72,2.686971470117569,1.3175756835848094,0.9768131519004701,1.7487913483084674,6.3999999999999995,0.64,2.281332967877388,1.3045198159769178,0.631709877113998,1.4803018594327877,3.5999999999999996,0.72,1.9469450041651726,1.3152351270511746,13.863038063049316,0.006842266768217087,80
0.8278766768134711,0.6423996255985024,1.3710089039295912,16.0,2.68269814491272,1.3116892409831287,0.9443045148402449,6.999999999999999,2.259046803712845,1.3147422888726,0.6200641855038702,3.4499999999999997,1.9287395849823952,1.308675399478525,0.8228564410500678,0.5978488233952934,0.84,0.8,0.74,NPO,526.9352760314941,-0.5120068230545366,0.658092649503691,0.425482913851738,1,0.14608582644915444,2.0364354252815247,1.6109525114297867,forget01,1e-05,1.3098148488402366,0.2394358269777149,Llama-2-7b-chat-hf,0.8278766768134711,32,1e-05,retain99,Llama-2-7b-chat-hf_forget01_retain99_NPO_seed1_fb1_pb32_both_66002_11,1,0.16455959518933322,0.07603422413689653,0.38470622009932987,4.0,1.6942266190052033,1.3095203989058735,0.24280348829925047,2.0,1.556635872721672,1.3138323844224216,0.10587650419622663,1.0999999999999999,1.4156089460849761,1.3097324418887495,0.9126161384114336,0.8205613622454491,1.4732880623221398,18.4,2.784262282848358,1.3109742205262183,1.0204284959807992,8.2,2.3365841829776763,1.3161556869968771,0.6730345961384472,3.65,1.982951020002365,1.3099164238639178,0.6423996255985024,results/piper_pi_required/Llama-2-7b-chat-hf_forget01_retain99_NPO_seed1_fb1_pb32_both_66002_11/summary.json,1.3685598421067,2.041412337791598,16.0,0.8,2.68269814491272,1.3141383028060198,0.9577953046664596,1.736057023079992,6.999999999999999,0.7,2.259046803712845,1.3012514990463853,0.6166763750746846,1.4700050808665392,3.4499999999999997,0.69,1.9287395849823952,1.3120632099077105,13.988216400146484,0.00749081140384078,80
0.7878351034048904,0.5977173988695954,1.2010446551531553,13.6,2.4438081157207487,1.2427634605675935,0.8664267345517871,6.8,2.1115011370182035,1.2450744024664164,0.5546545476444067,3.4499999999999997,1.7937223836779594,1.2390678360335527,0.780739964013005,0.5067231468925876,0.72,0.74,0.69,NPO,762.8793363571167,-0.5061752927867416,0.658092649503691,0.425482913851738,1,0.1519173567169495,1.985241374373436,1.559758460521698,forget01,1e-05,1.240609226167202,0.2125110211133957,Llama-2-7b-chat-hf,0.7878351034048904,64,1e-05,retain99,Llama-2-7b-chat-hf_forget01_retain99_NPO_seed1_fb1_pb64_both_66009_12,1,0.15796862606820106,0.060818259273037086,0.35362123858630645,3.1999999999999997,1.5931761395931243,1.2395549010068179,0.2177369651287795,2.0,1.4619223481416703,1.2441853830128908,0.098219407106936,1.0499999999999998,1.3388064271211624,1.2405870200142264,0.9165930918682984,0.8174523898095593,1.3637192976117134,16.799999999999997,2.6043735003471373,1.240654202735424,0.9648804897204044,8.6,2.2119231748580934,1.247042685137689,0.6431604171894492,3.8,1.8840791600942612,1.240918742904812,0.5977173988695954,results/piper_pi_required/Llama-2-7b-chat-hf_forget01_retain99_NPO_seed1_fb1_pb64_both_66009_12/summary.json,1.1985028653115033,1.9624169374678526,13.6,0.68,2.4438081157207487,1.2453052504092454,0.8784355892583724,1.7123997510548148,6.8,0.68,2.1115011370182035,1.2330655477598311,0.5501275962069629,1.4423688501667937,3.4499999999999997,0.69,1.7937223836779594,1.2435947874709965,14.594343185424805,0.013469455763697624,80
0.8454634992657323,0.6880776643106572,1.3504864223450426,14.399999999999999,2.7404138350486758,1.3899274127036332,0.9668721027284857,6.999999999999999,2.3600808829069138,1.393208780178428,0.6091701022066178,3.4,1.997128799855709,1.3879586976490912,0.9282398201163933,0.8031216444865779,0.8,0.84,0.8,NPO,189.77044987678528,-0.5298991480636623,0.658092649503691,0.425482913851738,1,0.12819350144002872,2.1991688281297685,1.7736859142780304,forget01,1e-05,1.3889208911061286,0.3050399353057146,Llama-2-7b-chat-hf,0.8454634992657323,8,1e-05,retain99,Llama-2-7b-chat-hf_forget01_retain99_NPO_seed1_fb1_pb8_both_65996_9,1,0.15644435386945024,0.07735854943419773,0.36577747690379625,3.1999999999999997,1.7559002029895783,1.390122726085782,0.22041156283318997,2.0,1.6129950398206712,1.3925834769874812,0.10053995823413109,1.0499999999999998,1.4889276623725891,1.388387704138458,0.8999495759321157,0.7891276685106741,1.425445187115669,16.799999999999997,2.816482388973236,1.391037201857567,0.9788826869502667,7.6,2.3735228645801545,1.3946401776298878,0.6565602702192961,3.55,2.0455381885170936,1.3889779182977975,0.6880776643106572,results/piper_pi_required/Llama-2-7b-chat-hf_forget01_retain99_NPO_seed1_fb1_pb8_both_65996_9/summary.json,1.3476338466256859,1.9675855898472365,14.399999999999999,0.72,2.7404138350486758,1.39277998842299,0.9804541712805628,1.710666271548751,6.999999999999999,0.7,2.3600808829069138,1.379626711626351,0.60617231285125,1.4357953095690956,3.4,0.68,1.997128799855709,1.390956487004459,13.98518180847168,0.005062440875917673,80
0.7832721030338182,0.6392188448753795,1.2379545947581527,13.6,2.5432095444202423,1.3052549496620895,0.822643222683668,5.6000000000000005,2.1289436548948286,1.3063004322111607,0.5734524130381644,3.4,1.874596511721611,1.3011440986834466,0.7493982565120272,0.5303410653642615,0.68,0.62,0.65,NPO,343.7489504814148,-0.5257526146627812,0.6560485210797733,0.42882736548781397,2,0.13029590641699212,2.1552132457494735,1.7263858802616596,forget01,1e-05,1.3027418040037155,0.20839663739129902,Llama-2-7b-chat-hf,0.7832721030338182,16,1e-05,retain99,Llama-2-7b-chat-hf_forget01_retain99_NPO_seed1_fb2_pb16_both_66022_15,1,0.17684042296305214,0.10150370201480804,0.37868746870458136,4.0,1.6802049839496613,1.30151751524508,0.22979909786581998,2.0,1.536072033047676,1.306272935181856,0.1152469049036502,1.0499999999999998,1.4181587147712706,1.3029118098676205,0.9048495352175846,0.7979799599198396,1.4514712144196031,18.4,2.7556481432914732,1.30417692887187,1.0156640765473246,8.399999999999999,2.324498950242996,1.3088348736956714,0.665922929366678,3.85,1.96882298797369,1.302900058607012,0.6392188448753795,results/piper_pi_required/Llama-2-7b-chat-hf_forget01_retain99_NPO_seed1_fb2_pb16_both_66022_15/summary.json,1.23439502941072,1.9431397766869503,13.6,0.68,2.5432095444202423,1.3088145150095223,0.8339597271844743,1.6439923379273043,5.6000000000000005,0.56,2.1289436548948286,1.2949839277103543,0.5697216913685201,1.4366102268831864,3.4,0.68,1.874596511721611,1.3048748203530909,14.1744384765625,0.0016604212578386068,80
0.8358814663640617,0.6958747194988779,1.3554127025038003,15.2,2.6714946627616882,1.316081960257888,0.946218843638897,7.199999999999999,2.264047159552574,1.317828315913677,0.6051210259832442,3.5999999999999996,1.9175562152266503,1.312435189243406,0.8338072064434032,0.6399933759735039,0.8,0.78,0.73,NPO,354.04012966156006,-0.5280575296014847,0.6560485210797733,0.42882736548781397,2,0.1279909914782886,2.173844116926193,1.7450167514383792,forget01,1e-05,1.3137791332006454,0.24690954975038767,Llama-2-7b-chat-hf,0.8358814663640617,32,1e-05,retain99,Llama-2-7b-chat-hf_forget01_retain99_NPO_seed1_fb2_pb32_both_66024_16,1,0.16784268216299295,0.09029498517994071,0.373359694108367,4.0,1.6865115940570832,1.3131518999487162,0.21439786690473572,2.0,1.5310219949483872,1.3166241280436515,0.10463931429982187,1.15,1.4180395835638047,1.3134002692639828,0.8964906908777969,0.7790841083364334,1.4362844832599164,18.4,2.7529400420188903,1.3166555587589739,1.0036405072435737,8.2,2.324475017786026,1.3208345105424524,0.6611261957101522,3.8,1.9751149421930314,1.3139887464828792,0.6958747194988779,results/piper_pi_required/Llama-2-7b-chat-hf_forget01_retain99_NPO_seed1_fb2_pb32_both_66024_16/summary.json,1.3525483875244857,2.0254764829456304,15.2,0.76,2.6714946627616882,1.3189462752372025,0.9580045005545017,1.7335170057074802,7.199999999999999,0.72,2.264047159552574,1.3060426589980723,0.6016766494944692,1.457242946211179,3.5999999999999996,0.72,1.9175562152266503,1.3158795657321811,14.20678997039795,0.0014726417139172554,80
0.8358814663640617,0.6958747194988779,1.3554127025038003,15.2,2.6714946627616882,1.316081960257888,0.946218843638897,7.199999999999999,2.264047159552574,1.317828315913677,0.6051210259832442,3.5999999999999996,1.9175562152266503,1.312435189243406,0.8338072064434032,0.6399933759735039,0.8,0.78,0.73,NPO,435.0800437927246,-0.5280575296014847,0.6560485210797733,0.42882736548781397,2,0.1279909914782886,2.173844116926193,1.7450167514383792,forget01,1e-05,1.3137791332006454,0.24690954975038767,Llama-2-7b-chat-hf,0.8358814663640617,64,1e-05,retain99,Llama-2-7b-chat-hf_forget01_retain99_NPO_seed1_fb2_pb64_both_66025_17,1,0.16784268216299295,0.09029498517994071,0.373359694108367,4.0,1.6865115940570832,1.3131518999487162,0.21439786690473572,2.0,1.5310219949483872,1.3166241280436515,0.10463931429982187,1.15,1.4180395835638047,1.3134002692639828,0.8964906908777969,0.7790841083364334,1.4362844832599164,18.4,2.7529400420188903,1.3166555587589739,1.0036405072435737,8.2,2.324475017786026,1.3208345105424524,0.6611261957101522,3.8,1.9751149421930314,1.3139887464828792,0.6958747194988779,results/piper_pi_required/Llama-2-7b-chat-hf_forget01_retain99_NPO_seed1_fb2_pb64_both_66025_17/summary.json,1.3525483875244857,2.0254764829456304,15.2,0.76,2.6714946627616882,1.3189462752372025,0.9580045005545017,1.7335170057074802,7.199999999999999,0.72,2.264047159552574,1.3060426589980723,0.6016766494944692,1.457242946211179,3.5999999999999996,0.72,1.9175562152266503,1.3158795657321811,14.20678997039795,0.0014726417139172554,80
0.48049717125900987,0.35347581390325555,0.7924904150754215,8.799999999999999,2.1597197580337526,1.367229342958331,0.49943776876926393,2.9999999999999996,1.8683174180984496,1.3688796493291857,0.2721408168233932,1.7999999999999998,1.636555510610342,1.3644146937869488,0.4127946480977226,0.28046896187584747,0.36,0.36,0.27,NPO,193.70892024040222,-0.5379923699323375,0.6560485210797733,0.42882736548781397,2,0.11805615114743592,2.267582431435585,1.8387550659477712,forget01,1e-05,1.3655472193956375,0.1408771234303713,Llama-2-7b-chat-hf,0.48049717125900987,8,1e-05,retain99,Llama-2-7b-chat-hf_forget01_retain99_NPO_seed1_fb2_pb8_both_66020_14,1,0.16335853787354407,0.08597410389641558,0.35144935284554935,4.0,1.7169195330142974,1.365470180168748,0.2040114420771597,2.0,1.5727808779478074,1.3687694358706477,0.10650711131989965,1.15,1.471536203622818,1.3650290923029182,0.6990263207428041,0.6522628010512042,0.8784696265041827,7.199999999999999,2.2465236258506773,1.3680539993464946,0.7458412539824844,5.2,2.1176892882585525,1.3718480342760682,0.4868339968942106,2.75,1.8521376904845237,1.3653036935903131,0.35347581390325555,results/piper_pi_required/Llama-2-7b-chat-hf_forget01_retain99_NPO_seed1_fb2_pb8_both_66020_14/summary.json,0.788565157482028,1.575110317366638,8.799999999999999,0.44,2.1597197580337526,1.3711546005517246,0.5111016955897212,1.3765810306448423,2.9999999999999996,0.3,1.8683174180984496,1.3572157225087285,0.26872880301624535,1.196464070722028,1.7999999999999998,0.36,1.636555510610342,1.3678267075940966,14.094232559204102,0.001128810690715909,80
0.7244673302604905,0.5882647210588842,1.1396243730813267,13.6,2.2918294429779054,1.1522050698965787,0.8404606120198967,6.3999999999999995,2.0038871544599535,1.1634265424400567,0.5277098122857513,2.9999999999999996,1.6837479349970819,1.1560381227113306,0.7281552884445263,0.49115313261253035,0.72,0.66,0.59,NPO,613.072913646698,-0.49177870696673054,0.658092649503691,0.425482913851738,1,0.1663139425369605,1.8944177359342576,1.4689348220825196,forget01,1e-05,1.1592982026040555,0.1790725666951388,Llama-2-7b-chat-hf,0.7244673302604905,128,1e-05,retain99,Llama-2-7b-chat-hf_forget01_retain99_NPO_seed2_fb1_pb128_both_66041_22,2,0.09109590116968552,0.0845445642073264,0.2135513383656742,4.0,1.3585270309448243,1.14497569257915,0.18247742455452687,2.1999999999999997,1.3392976677417756,1.1568202431872487,0.06350836598575116,1.4000000000000001,1.2205050115287304,1.1569966455429792,0.9147971107490025,0.8315787503150012,1.3521472013056277,17.599999999999998,2.520488369464874,1.1683411681592464,1.0548039474055169,9.2,2.2134138739109037,1.1586099265053869,0.6950512612514199,4.199999999999999,1.859152178168297,1.164100916916877,0.5882647210588842,results/piper_pi_required/Llama-2-7b-chat-hf_forget01_retain99_NPO_seed2_fb1_pb128_both_66041_22/summary.json,1.1359009564489126,1.9826740751582146,13.6,0.68,2.2918294429779054,1.1559284865289927,0.843418328613043,1.7267910260299462,6.3999999999999995,0.64,2.0038871544599535,1.1604688258469105,0.520438398038596,1.4473774017182914,2.9999999999999996,0.6,1.6837479349970819,1.1633095369584858,14.21169662475586,0.15170131623744965,80
0.8572375762346056,0.7340510962043848,1.4385292018562559,17.599999999999998,2.678852038383484,1.240322836527228,1.014572720244527,8.6,2.268075651526451,1.2535029312819241,0.6645897360585629,3.65,1.911116878092289,1.246527142033726,0.881958867448877,0.774439033756135,0.8,0.82,0.67,NPO,293.1296422481537,-0.5108510807789509,0.658092649503691,0.425482913851738,1,0.14724156872474012,2.0232730478048326,1.5977901339530944,forget01,1e-05,1.249070042103529,0.2447425020504743,Llama-2-7b-chat-hf,0.8572375762346056,16,1e-05,retain99,Llama-2-7b-chat-hf_forget01_retain99_NPO_seed2_fb1_pb16_both_66036_19,2,0.08684452027412762,0.08383334534538169,0.20142023284733268,3.1999999999999997,1.4346309447288512,1.2332107118815185,0.18145101625174287,2.0,1.4263699531555176,1.2449189369037748,0.06744426540732373,1.4000000000000001,1.3135150353610516,1.246070769953728,0.8163598042239745,0.6816455425821702,1.3158795406997206,14.399999999999999,2.5744636964797976,1.258584155780077,1.0196238925620915,8.399999999999999,2.268715422153473,1.2490915295913814,0.5896541022889317,3.05,1.843062187433243,1.2534080851443112,0.7340510962043848,results/piper_pi_required/Llama-2-7b-chat-hf_forget01_retain99_NPO_seed2_fb1_pb16_both_66036_19/summary.json,1.4329340509623292,2.1501030287942684,17.599999999999998,0.88,2.678852038383484,1.2459179874211548,1.0182779566228388,1.8147542284444453,8.6,0.86,2.268075651526451,1.2497976949036123,0.6582782460920511,1.5254293963150445,3.65,0.73,1.911116878092289,1.2528386320002378,14.081997871398926,0.14121603965759277,80
0.8219248414617428,0.6935867423469694,1.3118315305382011,16.799999999999997,2.4733871674537657,1.1615556369155646,0.9307194034308197,7.6,2.1034753930568697,1.17275598962605,0.6371534753493964,3.4999999999999996,1.8028446450829505,1.1656911697335541,0.8556518910543478,0.6548018192072768,0.88,0.76,0.72,NPO,513.9636251926422,-0.4938627711004985,0.658092649503691,0.425482913851738,1,0.1642298784031926,1.909762877225876,1.484279963374138,forget01,1e-05,1.1685997867286206,0.21906922397948803,Llama-2-7b-chat-hf,0.8219248414617428,32,1e-05,retain99,Llama-2-7b-chat-hf_forget01_retain99_NPO_seed2_fb1_pb32_both_66037_20,2,0.09068504575887791,0.0897582011870016,0.20918316955864436,4.0,1.3636007285118104,1.154417558953166,0.18199034287780513,2.1999999999999997,1.3475390994548797,1.1655487565770746,0.06390436533391486,1.4000000000000001,1.229845540970564,1.1659411756366491,0.9182472164771003,0.8394165096660385,1.3870094525158403,18.4,2.5647882294654845,1.1777787769496442,1.0638716000780464,9.0,2.231379371881485,1.1675077718034388,0.6951855181895197,4.1499999999999995,1.8683343720436096,1.17314885385409,0.6935867423469694,results/piper_pi_required/Llama-2-7b-chat-hf_forget01_retain99_NPO_seed2_fb1_pb32_both_66037_20/summary.json,1.308215222391486,2.1227658097462694,16.799999999999997,0.84,2.4733871674537657,1.1651719450622797,0.9336708995223049,1.7981426851090456,7.6,0.76,2.1034753930568697,1.1698044935345648,0.6303953996919096,1.5376739352854947,3.4999999999999996,0.7,1.8028446450829505,1.172449245391041,13.993465423583984,0.15236885845661163,80
0.7244673302604905,0.5882647210588842,1.1396243730813267,13.6,2.2918294429779054,1.1522050698965787,0.8404606120198967,6.3999999999999995,2.0038871544599535,1.1634265424400567,0.5277098122857513,2.9999999999999996,1.6837479349970819,1.1560381227113306,0.7281552884445263,0.49115313261253035,0.72,0.66,0.59,NPO,762.0938577651978,-0.49177870696673054,0.658092649503691,0.425482913851738,1,0.1663139425369605,1.8944177359342576,1.4689348220825196,forget01,1e-05,1.1592982026040555,0.1790725666951388,Llama-2-7b-chat-hf,0.7244673302604905,64,1e-05,retain99,Llama-2-7b-chat-hf_forget01_retain99_NPO_seed2_fb1_pb64_both_66039_21,2,0.09109590116968552,0.0845445642073264,0.2135513383656742,4.0,1.3585270309448243,1.14497569257915,0.18247742455452687,2.1999999999999997,1.3392976677417756,1.1568202431872487,0.06350836598575116,1.4000000000000001,1.2205050115287304,1.1569966455429792,0.9147971107490025,0.8315787503150012,1.3521472013056277,17.599999999999998,2.520488369464874,1.1683411681592464,1.0548039474055169,9.2,2.2134138739109037,1.1586099265053869,0.6950512612514199,4.199999999999999,1.859152178168297,1.164100916916877,0.5882647210588842,results/piper_pi_required/Llama-2-7b-chat-hf_forget01_retain99_NPO_seed2_fb1_pb64_both_66039_21/summary.json,1.1359009564489126,1.9826740751582146,13.6,0.68,2.2918294429779054,1.1559284865289927,0.843418328613043,1.7267910260299462,6.3999999999999995,0.64,2.0038871544599535,1.1604688258469105,0.520438398038596,1.4473774017182914,2.9999999999999996,0.6,1.6837479349970819,1.1633095369584858,14.21169662475586,0.15170131623744965,80
0.8928679439597436,0.8082031368125472,1.3555744211107494,17.599999999999998,2.5146490049362185,1.159074583825469,0.9778922131568195,8.0,2.1480817049741745,1.170189491817355,0.6778285946302114,4.0,1.840447604060173,1.1626190094299615,0.9489149820506275,0.8626316105264421,0.88,0.88,0.89,NPO,186.57513618469238,-0.4943498308748337,0.658092649503691,0.425482913851738,1,0.16374281862885737,1.9108288019895554,1.4853458881378174,forget01,1e-05,1.165994763225317,0.3537484252750874,Llama-2-7b-chat-hf,0.8928679439597436,8,1e-05,retain99,Llama-2-7b-chat-hf_forget01_retain99_NPO_seed2_fb1_pb8_both_66035_18,2,0.09170432890300328,0.08361902448295454,0.21015677691996104,4.0,1.361603283882141,1.15144650696218,0.18159226530641304,2.1999999999999997,1.344270303249359,1.162678037942946,0.06529930835366238,1.4000000000000001,1.2288297252357006,1.1635304168820382,0.9122429109092876,0.8370992523970097,1.3290692398250101,16.799999999999997,2.504471786022186,1.175402546197176,1.0537185060188172,9.0,2.2191461730003357,1.1654276669815185,0.6906334126196803,4.199999999999999,1.861478350162506,1.1708449375428258,0.8082031368125472,results/piper_pi_required/Llama-2-7b-chat-hf_forget01_retain99_NPO_seed2_fb1_pb8_both_66035_18/summary.json,1.351980206796527,2.1628248809632975,17.599999999999998,0.88,2.5146490049362185,1.1626687981396915,0.9811090510785581,1.8407301129151536,8.0,0.8,2.1480817049741745,1.1669726538956164,0.6707136356346306,1.573389893547683,4.0,0.8,1.840447604060173,1.1697339684255423,13.86137580871582,0.15393513441085815,80
0.9091639397423643,0.8293429013716055,1.9582721221357582,16.799999999999997,3.547099847793579,1.588827725657821,1.413344320842624,8.6,3.0205833131074904,1.6072389922648664,0.9163417371980846,4.1,2.5152805402874945,1.5989388030894098,0.9563143013740929,0.8724169296677187,0.92,0.9,0.91,NPO,292.4861207008362,-0.5505069509677429,0.656083488003128,0.42884207516908646,2,0.10557653703538487,2.424613097310066,1.9957710221409797,forget01,1e-05,1.6001565431058407,0.4045812207842246,Llama-2-7b-chat-hf,0.9091639397423643,16,1e-05,retain99,Llama-2-7b-chat-hf_forget01_retain99_NPO_seed2_fb2_pb16_both_66047_24,2,0.10702423114636503,0.11056177290057419,0.318049128463864,4.0,1.9022803974151612,1.5842312689512972,0.26154092407077534,2.1999999999999997,1.8585642302036285,1.5970233061328531,0.10589474725723269,1.2,1.7008679370582103,1.5949731898009776,0.9144267410434874,0.8304510338041352,1.9277711910665032,16.799999999999997,3.539249165058136,1.6114779739916327,1.4345263711258769,8.6,3.0364921498298645,1.6019657787039876,0.9238702095709739,4.1499999999999995,2.5300984305143355,1.6062282209433616,0.8293429013716055,results/piper_pi_required/Llama-2-7b-chat-hf_forget01_retain99_NPO_seed2_fb2_pb16_both_66047_24/summary.json,1.9544270686596632,2.2271366060029396,16.799999999999997,0.84,3.547099847793579,1.592672779133916,1.4176221679329872,1.8843771242993295,8.6,0.86,3.0205833131074904,1.6029611451745032,0.9108463885955511,1.5677056846708388,4.1,0.82,2.5152805402874945,1.6044341516919434,13.77189826965332,0.02029908448457718,80
0.900296341202768,0.8153682214728859,1.8700803691416978,16.799999999999997,3.435496435165405,1.5654160660237073,1.3667718152314423,9.0,2.9506072491407394,1.583835433909297,0.8854793043337765,4.1,2.4606001776456834,1.5751208733119069,0.9437264834653878,0.8440110880443522,0.92,0.88,0.88,NPO,429.8752088546753,-0.5461354597213492,0.656083488003128,0.42884207516908646,2,0.10994802828177863,2.3862984240055085,1.957456348836422,forget01,1e-05,1.5765171959102153,0.4109602112866938,Llama-2-7b-chat-hf,0.900296341202768,32,1e-05,retain99,Llama-2-7b-chat-hf_forget01_retain99_NPO_seed2_fb2_pb32_both_66050_25,2,0.10355402465927248,0.10571010537746407,0.30183416126072427,3.1999999999999997,1.8627801322937012,1.560945971032977,0.2485201359674336,2.1999999999999997,1.8224777162075043,1.5739575802400707,0.09854058971405033,1.25,1.670434312671423,1.5718937229573726,0.9130293551229747,0.8329702758811035,1.8498551899731162,17.599999999999998,3.437365486621857,1.5875102966487407,1.3919949721738698,8.799999999999999,2.968999687433243,1.5770047152593731,0.9018851730488242,4.25,2.483941435813904,1.5820562627650796,0.8153682214728859,results/piper_pi_required/Llama-2-7b-chat-hf_forget01_retain99_NPO_seed2_fb2_pb32_both_66050_25/summary.json,1.8648134449929,2.1872627746405344,16.799999999999997,0.84,3.435496435165405,1.5706829901725052,1.3711280037581917,1.868088648690098,9.0,0.9,2.9506072491407394,1.5794792453825477,0.8793651829592886,1.55612555117634,4.1,0.82,2.4606001776456834,1.5812349946863948,14.083173751831055,0.019032271578907967,80
0.900296341202768,0.8153682214728859,1.8700803691416978,16.799999999999997,3.435496435165405,1.5654160660237073,1.3667718152314423,9.0,2.9506072491407394,1.583835433909297,0.8854793043337765,4.1,2.4606001776456834,1.5751208733119069,0.9437264834653878,0.8440110880443522,0.92,0.88,0.88,NPO,345.814658164978,-0.5461354597213492,0.656083488003128,0.42884207516908646,2,0.10994802828177863,2.3862984240055085,1.957456348836422,forget01,1e-05,1.5765171959102153,0.4109602112866938,Llama-2-7b-chat-hf,0.900296341202768,64,1e-05,retain99,Llama-2-7b-chat-hf_forget01_retain99_NPO_seed2_fb2_pb64_both_66052_26,2,0.10355402465927248,0.10571010537746407,0.30183416126072427,3.1999999999999997,1.8627801322937012,1.560945971032977,0.2485201359674336,2.1999999999999997,1.8224777162075043,1.5739575802400707,0.09854058971405033,1.25,1.670434312671423,1.5718937229573726,0.9130293551229747,0.8329702758811035,1.8498551899731162,17.599999999999998,3.437365486621857,1.5875102966487407,1.3919949721738698,8.799999999999999,2.968999687433243,1.5770047152593731,0.9018851730488242,4.25,2.483941435813904,1.5820562627650796,0.8153682214728859,results/piper_pi_required/Llama-2-7b-chat-hf_forget01_retain99_NPO_seed2_fb2_pb64_both_66052_26/summary.json,1.8648134449929,2.1872627746405344,16.799999999999997,0.84,3.435496435165405,1.5706829901725052,1.3711280037581917,1.868088648690098,9.0,0.9,2.9506072491407394,1.5794792453825477,0.8793651829592886,1.55612555117634,4.1,0.82,2.4606001776456834,1.5812349946863948,14.083173751831055,0.019032271578907967,80
0.9023066991691691,0.8117158868635473,1.852070237758756,15.2,3.3904665422439577,1.5383963044852018,1.3833647484630347,8.399999999999999,2.939772199988365,1.5564074515253303,0.8720358157299459,3.8,2.4206121799349787,1.5485763642050328,0.9530371949240986,0.8715777903111612,0.88,0.88,0.85,NPO,187.71823644638062,-0.5420493105416508,0.656083488003128,0.42884207516908646,2,0.11403417746147708,2.352709639072418,1.9238675639033318,forget01,1e-05,1.549822086662054,0.4227238858845085,Llama-2-7b-chat-hf,0.9023066991691691,8,1e-05,retain99,Llama-2-7b-chat-hf_forget01_retain99_NPO_seed2_fb2_pb8_both_66043_23,2,0.10673050505316167,0.11454694093689036,0.29758916555941095,4.0,1.8331800651550294,1.5355908995956185,0.25528046111911507,2.0,1.8020742070674896,1.5467937459483745,0.10229842340648165,1.3,1.6470779852569104,1.5447795618504288,0.9120036724019188,0.8257254149016595,1.8640645368874074,16.799999999999997,3.425756027698517,1.5616914908111097,1.407310124360025,8.6,2.9586096465587617,1.5512995221987367,0.9069955164365471,4.1,2.4629382157325743,1.5559426992960272,0.8117158868635473,results/piper_pi_required/Llama-2-7b-chat-hf_forget01_retain99_NPO_seed2_fb2_pb8_both_66043_23/summary.json,1.8481504542559388,2.1982955171445346,15.2,0.76,3.3904665422439577,1.542316087988019,1.387032111907005,1.8932802872507069,8.399999999999999,0.84,2.939772199988365,1.55274008808136,0.8665262058191003,1.557579323313865,3.8,0.76,2.4206121799349787,1.5540859741158783,13.718650817871094,0.034979961812496185,80
0.8088632174147543,0.6312353569414277,1.6793262094825505,16.799999999999997,3.090015499591827,1.4106892901092767,1.1053070322737097,7.199999999999999,2.5140986281633375,1.4087915958896278,0.6611132182367145,3.0999999999999996,2.0730274510383606,1.411914232801646,0.7605037356402118,0.44860163440653755,0.84,0.7,0.59,NPO,1845.2835726737976,-0.4682341205017505,0.6416736442312083,0.4561364786932245,1,0.17343952372945792,1.879956638906151,1.4238201602129266,forget05,1e-05,1.412529009461403,0.17388407396513503,Llama-2-7b-chat-hf,0.8088632174147543,128,1e-05,retain95,Llama-2-7b-chat-hf_forget05_retain95_NPO_seed0_fb1_pb128_both_66073_31,0,0.06496960115116314,0.05526338905355621,0.0783902270078658,1.5999999999999999,1.492980910539627,1.4145906835317612,0.09518500040173539,1.5999999999999999,1.4982006818056106,1.4030156814038752,0.13334764103516927,1.4000000000000001,1.5464195150136948,1.4130718739785255,0.8917926456796055,0.7246139704558818,1.7863064987689254,18.4,3.191321139335632,1.4050146405667068,1.230087629827857,8.799999999999999,2.649009336233139,1.4189217064052821,0.7648652944028378,4.0,2.1794090709090232,1.4145437765061855,0.6312353569414277,results/piper_pi_required/Llama-2-7b-chat-hf_forget05_retain95_NPO_seed0_fb1_pb128_both_66073_31/summary.json,1.670666895803809,2.177065938096576,16.799999999999997,0.84,3.090015499591827,1.4193486037880183,1.1054151442632076,1.784715059768229,7.199999999999999,0.72,2.5140986281633375,1.4086834839001299,0.6567713809244333,1.4637377341454931,3.0999999999999996,0.62,2.0730274510383606,1.4162560701139273,13.98501968383789,0.00670766644179821,80
0.8415684229511733,0.6898326473305892,1.7124288673251868,16.799999999999997,3.1152177047729492,1.4027888374477624,1.167814915011823,7.3999999999999995,2.568542533516884,1.4007276185050608,0.7006089938618243,3.4,2.104488743543625,1.4038797496818005,0.8216981802346013,0.572810867243469,0.76,0.74,0.71,NPO,314.25275182724,-0.4672436620258195,0.6416736442312083,0.4561364786932245,1,0.1744299822053889,1.876511519541964,1.4203750408487394,forget05,1e-05,1.4046860942840576,0.18929682279564441,Llama-2-7b-chat-hf,0.8415684229511733,16,1e-05,retain95,Llama-2-7b-chat-hf_forget05_retain95_NPO_seed0_fb1_pb16_both_66066_28,0,0.07479850491314786,0.06331225324901299,0.09418122273683527,1.5999999999999999,1.500878335237503,1.4066971125006678,0.09624068859815593,1.5999999999999999,1.4915436667203903,1.3953029781222344,0.14125580749437194,1.4499999999999997,1.5468180471658706,1.4055622396714986,0.8904839275710277,0.7115695342781371,1.7919968551665544,18.4,3.1887565064430237,1.3967596512764693,1.2375745743960143,8.799999999999999,2.6487798351049423,1.411205260708928,0.7587991835415364,4.0,2.16644082903862,1.4076416454970837,0.6898326473305892,results/piper_pi_required/Llama-2-7b-chat-hf_forget05_retain95_NPO_seed0_fb1_pb16_both_66066_28/summary.json,1.7023595955222846,2.204904855184051,16.799999999999997,0.84,3.1152177047729492,1.4128581092506647,1.1678619314298033,1.8337817555905562,7.3999999999999995,0.74,2.568542533516884,1.4006806020870806,0.6960805445097387,1.4942321018772988,3.4,0.68,2.104488743543625,1.4084081990338861,13.891897201538086,0.00621029082685709,80
0.8311814109606952,0.6674765579062316,1.6985692695230248,17.599999999999998,3.1101514506340027,1.4115821811109779,1.1452232035562395,7.3999999999999995,2.5550877410173416,1.409864537461102,0.6774890822209421,3.15,2.0900367572903633,1.4125476750694212,0.8178679938411978,0.5310454201816807,0.84,0.72,0.65,NPO,526.2345311641693,-0.4679856773795355,0.6416736442312083,0.4561364786932245,1,0.17368796685167293,1.8838038572575897,1.4276673785643652,forget05,1e-05,1.4136506872177124,0.18844096868205815,Llama-2-7b-chat-hf,0.8311814109606952,32,1e-05,retain95,Llama-2-7b-chat-hf_forget05_retain95_NPO_seed0_fb1_pb32_both_66067_29,0,0.0765927456417464,0.06826635306541227,0.09859566020965582,1.5999999999999999,1.5137543070316315,1.4151586468219757,0.09937396921515429,1.5999999999999999,1.5034981352090835,1.4041241659939292,0.14069048285111774,1.35,1.5552372562885284,1.4145467734374106,0.8912474955986853,0.7198161592646372,1.7658656502634287,19.2,3.1727894926071167,1.406923842343688,1.1996775854200123,8.6,2.6189397966861723,1.41926221126616,0.7501476242810492,4.05,2.1658989691734316,1.4157513448923824,0.6674765579062316,results/piper_pi_required/Llama-2-7b-chat-hf_forget05_retain95_NPO_seed0_fb1_pb32_both_66067_29/summary.json,1.6885224216312167,2.1877377200264725,17.599999999999998,0.88,3.1101514506340027,1.421629029002786,1.1443794572755694,1.8112091425735515,7.3999999999999995,0.74,2.5550877410173416,1.4107082837417722,0.6721673012576996,1.4740685388191441,3.15,0.63,2.0900367572903633,1.4178694560326637,13.764335632324219,0.007389049977064133,80
0.7768426346957394,0.6048948675794703,1.6476807704061267,16.0,3.0722466778755186,1.424565907469392,1.0693525262400512,6.3999999999999995,2.4924198532104493,1.4230673269703982,0.6470928287900986,3.05,2.073262650370598,1.4261698215804994,0.7081962570440858,0.4068892755571022,0.8,0.58,0.57,NPO,1209.3766527175903,-0.4740801109501257,0.6416736442312083,0.4561364786932245,1,0.16759353328108267,1.9045848175883293,1.4484483388951048,forget05,1e-05,1.4265342899560929,0.14614685300155542,Llama-2-7b-chat-hf,0.7768426346957394,64,1e-05,retain95,Llama-2-7b-chat-hf_forget05_retain95_NPO_seed0_fb1_pb64_both_66068_30,0,0.0652359517663148,0.05467231468925876,0.076595019578934,1.5999999999999999,1.5046994936466218,1.4281044740676878,0.09846479443311695,1.5999999999999999,1.5151077300310134,1.4166429355978964,0.1345641968511042,1.4000000000000001,1.5616292083263397,1.4270650114752355,0.8869034449297851,0.7204044496177984,1.7887367828518153,18.4,3.2076110792160035,1.4188742963641883,1.2187998321682216,8.399999999999999,2.651618616580963,1.4328187844127416,0.7693317192941902,4.0,2.1976327002048492,1.428300980910659,0.6048948675794703,results/piper_pi_required/Llama-2-7b-chat-hf_forget05_retain95_NPO_seed0_fb1_pb64_both_66068_30/summary.json,1.6385912832587954,2.142946407771067,16.0,0.8,3.0722466778755186,1.4336553946167232,1.0693423366472128,1.7514294366969538,6.3999999999999995,0.64,2.4924198532104493,1.4230775165632366,0.643128791653365,1.449698318610695,3.05,0.61,2.073262650370598,1.430133858717233,13.953581809997559,0.005933723412454128,80
0.7687809741670047,0.6592316609266436,1.5686174801081414,14.399999999999999,2.9757226729393005,1.407105192831159,1.022327403859794,6.199999999999999,2.427596688866615,1.4052692850068211,0.6384231401152907,3.25,2.047100321948528,1.4086771818332375,0.6774378612310511,0.474752811011244,0.72,0.64,0.63,NPO,234.34836626052856,-0.4700650069496363,0.6416736442312083,0.4561364786932245,1,0.1716086372815721,1.878894167020917,1.4227576883276924,forget05,1e-05,1.4094691678285598,0.127697117254138,Llama-2-7b-chat-hf,0.7687809741670047,8,1e-05,retain95,Llama-2-7b-chat-hf_forget05_retain95_NPO_seed0_fb1_pb8_both_66063_27,0,0.0751617819083606,0.06533651734606939,0.08486069794893258,1.5999999999999999,1.4959071123600005,1.411046414411068,0.11528522951006903,1.5999999999999999,1.5146212881803514,1.3993360586702823,0.14629686125740404,1.4999999999999998,1.556379306912422,1.410082445655018,0.8651696309027077,0.6988721394885579,1.8118513526827094,18.4,3.214835829734802,1.4029844770520927,1.2342365217834712,8.6,2.649687911272049,1.4154513894885778,0.7575634157955649,3.95,2.169236097037792,1.4116726812422273,0.6592316609266436,results/piper_pi_required/Llama-2-7b-chat-hf_forget05_retain95_NPO_seed0_fb1_pb8_both_66063_27/summary.json,1.5585689668148754,2.099788230506899,14.399999999999999,0.72,2.9757226729393005,1.417153706124425,1.0216768997833132,1.7266964358254566,6.199999999999999,0.62,2.427596688866615,1.405919789083302,0.6341089407555762,1.4487705651963811,3.25,0.65,2.047100321948528,1.412991381192952,13.826971054077148,0.008984511718153954,80
0.8948589818907915,0.7544906339625358,1.7760338461130856,18.4,3.3440735816955565,1.568039735582471,1.2318530917450787,8.399999999999999,2.7990248942375184,1.5671718024924397,0.7342083125449717,3.4499999999999997,2.305491863787174,1.5712835512422025,0.9792850611054388,0.9179141036564146,0.96,0.9,0.91,NPO,302.224271774292,-0.501004667356886,0.6401040901105127,0.4587679215474054,2,0.13909942275362672,2.0942015200853348,1.6354335985379294,forget05,1e-05,1.5713400088548661,0.42788920179288836,Llama-2-7b-chat-hf,0.8948589818907915,16,1e-05,retain95,Llama-2-7b-chat-hf_forget05_retain95_NPO_seed0_fb2_pb16_both_66075_33,0,0.06962037832981294,0.05130202920811683,0.08933201608657848,1.5999999999999999,1.6593084013462067,1.5699763852596282,0.10745089831352228,1.5999999999999999,1.668203348517418,1.5607524502038956,0.1387898053966461,1.4000000000000001,1.7100875121355057,1.5712977067388596,0.8720281769690631,0.6918596954387818,1.7837481543332334,18.4,3.3476137590408324,1.563865604707599,1.1950581504255535,8.2,2.7717551124095916,1.576696961984038,0.7460741736501453,3.55,2.318946408331394,1.5728722346812487,0.7544906339625358,results/piper_pi_required/Llama-2-7b-chat-hf_forget05_retain95_NPO_seed0_fb2_pb16_both_66075_33/summary.json,1.7652042241424322,2.118017913070454,18.4,0.92,3.3440735816955565,1.5788693575531243,1.2320719710513952,1.7862852500674964,8.399999999999999,0.84,2.7990248942375184,1.5669529231861232,0.7300000017993149,1.4633473643451547,3.4499999999999997,0.69,2.305491863787174,1.5754918619878593,13.411033630371094,0.17320451140403748,80
0.8938953235537122,0.7445379861519446,1.7886525842279197,18.4,3.357065463066101,1.5684128788381813,1.23114491032213,8.0,2.798022122383118,1.566877212060988,0.7459491860248146,3.55,2.316222677528858,1.5702734915040435,0.9773983363215516,0.9348082512330048,0.96,0.92,0.91,NPO,532.0697329044342,-0.5011941437431772,0.6401040901105127,0.4587679215474054,2,0.13890994636733553,2.095871575176716,1.6371036536293104,forget05,1e-05,1.5705731860399246,0.41150578467035664,Llama-2-7b-chat-hf,0.8938953235537122,32,1e-05,retain95,Llama-2-7b-chat-hf_forget05_retain95_NPO_seed0_fb2_pb32_both_66079_34,0,0.07103031030167802,0.05628934515738063,0.09136024460792558,1.5999999999999999,1.6603664457798004,1.5690062011718748,0.10730877199172983,1.5999999999999999,1.6675191801786422,1.5602104081869124,0.1436042646847666,1.4000000000000001,1.7143681770563126,1.570763912371546,0.8642843978390591,0.6780569522278089,1.7846319831997155,18.4,3.348510766029358,1.5638787828296423,1.2189159314543008,8.2,2.7950393450260163,1.5761234135717155,0.757738620892167,3.5999999999999996,2.3299580428004263,1.5722194219082593,0.7445379861519446,results/piper_pi_required/Llama-2-7b-chat-hf_forget05_retain95_NPO_seed0_fb2_pb32_both_66079_34/summary.json,1.7789712446540595,2.127290895498084,18.4,0.92,3.357065463066101,1.5780942184120414,1.2313603340491655,1.7859771287066628,8.0,0.8,2.798022122383118,1.5666617883339524,0.7415384166590868,1.4709124458064378,3.55,0.71,2.316222677528858,1.5746842608697713,13.539104461669922,0.17327359318733215,80
0.8939783186065124,0.7450512042048167,1.8062958034247159,18.4,3.3748078203201293,1.5685120168954134,1.2478203340932723,8.2,2.814924577474594,1.5671042433813216,0.7641523568637669,3.6999999999999997,2.334747347533703,1.570594990669936,0.9823115234158423,0.9492431569726278,0.96,0.9,0.93,NPO,1186.0587937831879,-0.5014340697131124,0.6401040901105127,0.4587679215474054,2,0.13867002039740028,2.097678005695343,1.6389100841479376,forget05,1e-05,1.5709757145643235,0.4315631736523937,Llama-2-7b-chat-hf,0.8939783186065124,64,1e-05,retain95,Llama-2-7b-chat-hf_forget05_retain95_NPO_seed0_fb2_pb64_both_66092_35,0,0.07306028540255212,0.056609506438025745,0.09406209380626684,1.5999999999999999,1.6640732443332673,1.5700111505270005,0.11066143135428441,1.5999999999999999,1.6710165590047836,1.5603551276504992,0.1480843074344098,1.4000000000000001,1.7192148941755294,1.5711305867411196,0.8697989890914011,0.6823630494521977,1.8060954733163117,18.4,3.3702137899398803,1.5641183166235686,1.2297875829845664,8.2,2.8063289487361907,1.5765413657516243,0.76443801766932,3.6999999999999997,2.336966993510723,1.572528975841403,0.7450512042048167,results/piper_pi_required/Llama-2-7b-chat-hf_forget05_retain95_NPO_seed0_fb2_pb64_both_66092_35/summary.json,1.7957311856955287,2.1372033163687676,18.4,0.92,3.3748078203201293,1.5790766346246006,1.247670435272157,1.7960868640735101,8.2,0.82,2.814924577474594,1.5672541422024369,0.7597818571589885,1.4824117492112299,3.6999999999999997,0.74,2.334747347533703,1.5749654903747143,13.675838470458984,0.18168509006500244,80
0.8842521113775477,0.7332452689810759,1.7896793559759856,16.799999999999997,3.3476555275917055,1.5579761716157199,1.2379816540941597,8.2,2.79462701022625,1.55664535613209,0.7420252836979926,3.4499999999999997,2.302118996679783,1.5600937129817902,0.9776182277457564,0.9549708278833114,0.84,0.84,0.9,NPO,196.19288039207458,-0.4995673760095955,0.6401040901105127,0.4587679215474054,2,0.14053671410091723,2.0825308617204428,1.6237629401730374,forget05,1e-05,1.5604178227186203,0.4408869727160782,Llama-2-7b-chat-hf,0.8842521113775477,8,1e-05,retain95,Llama-2-7b-chat-hf_forget05_retain95_NPO_seed0_fb2_pb8_both_66074_32,0,0.06801465377941508,0.05540777363109452,0.08460546268224722,1.5999999999999999,1.6439590799808501,1.559353617298603,0.1030493533670902,1.5999999999999999,1.6529092210531235,1.5498598676860333,0.1422751956753432,1.4000000000000001,1.7029955750703811,1.560720379395038,0.8714291749439256,0.6809006756027024,1.7947948750287295,17.599999999999998,3.3480559468269346,1.5532610717982052,1.2247497688025237,8.399999999999999,2.7908265101909637,1.56607674138844,0.7546886315971615,3.65,2.3167683252692224,1.562079693672061,0.7332452689810759,results/piper_pi_required/Llama-2-7b-chat-hf_forget05_retain95_NPO_seed0_fb2_pb8_both_66074_32/summary.json,1.7796319067686797,2.1349522310350046,16.799999999999997,0.84,3.3476555275917055,1.5680236208230258,1.2381827502653007,1.795520136581291,8.2,0.82,2.79462701022625,1.5564442599609492,0.7376688810311258,1.4715195925088806,3.4499999999999997,0.69,2.302118996679783,1.564450115648657,13.515022277832031,0.18021556735038757,80
0.6635243789434703,0.5638526874107497,1.3917169251054526,10.4,2.7413293969631196,1.349612471857667,0.863355565240979,4.6,2.218078221678734,1.3547226564377548,0.5267982941508293,2.1999999999999997,1.882194909155369,1.3553966150045396,0.5557399912157062,0.27593236772947094,0.56,0.44,0.36,NPO,2271.750072956085,-0.4544386778330658,0.6397887887841636,0.46029214677400887,1,0.1853501109510977,1.8562015942297876,1.3959094474557787,forget05,1e-05,1.359255736410618,0.1293557974952273,Llama-2-7b-chat-hf,0.6635243789434703,128,1e-05,retain95,Llama-2-7b-chat-hf_forget05_retain95_NPO_seed1_fb1_pb128_both_66108_40,1,0.18562301587539642,0.17400127200508803,0.17342511661946802,1.5999999999999999,1.510200208425522,1.336775091806054,0.2988677629232408,1.7999999999999998,1.6442009675502778,1.345333204627037,0.21860726556777932,1.65,1.577719882428646,1.3591126168608667,0.9099104052600635,0.7672378529514118,1.834285169145465,17.599999999999998,3.1879070806503296,1.3536219115048647,1.3073763094976547,9.399999999999999,2.6550166726112367,1.347640363113582,0.8136880473285912,4.25,2.1763096541166305,1.3626216067880392,0.5638526874107497,results/piper_pi_required/Llama-2-7b-chat-hf_forget05_retain95_NPO_seed1_fb1_pb128_both_66108_40/summary.json,1.3806391129612923,2.014660815318527,10.4,0.52,2.7413293969631196,1.3606902840018273,0.8608722771599888,1.6342974554722036,4.6,0.46,2.218078221678734,1.357205944518745,0.5212035019911827,1.382958701463944,2.1999999999999997,0.44,1.882194909155369,1.3609914071641862,13.87891674041748,0.12437427043914795,80
0.5220811364317268,0.36814668858675437,1.1985948026150466,8.799999999999999,2.5333606576919556,1.334765855076909,0.7070416287571193,3.8,2.0470233404636384,1.3399817117065191,0.39586163825392706,1.7,1.7367878955602647,1.3409262573063376,0.5985994056993025,0.4884033936135744,0.44,0.36,0.3,NPO,311.4880084991455,-0.4515915858122216,0.6397887887841636,0.46029214677400887,1,0.18819720297194198,1.8402857431210577,1.3799935963470489,forget05,1e-05,1.3446739780306816,0.10671078743133694,Llama-2-7b-chat-hf,0.5220811364317268,16,1e-05,retain95,Llama-2-7b-chat-hf_forget05_retain95_NPO_seed1_fb1_pb16_both_66103_37,1,0.1889425220237917,0.17639984159936636,0.18194151382148283,1.5999999999999999,1.5037475287914277,1.3218060149699449,0.3022673175752164,1.7999999999999998,1.6329699766635895,1.330702659088373,0.2190416086107494,1.7,1.5634884330630303,1.344446824452281,0.8703106194203478,0.6511191484765938,1.8106799862593417,17.599999999999998,3.1495104742050173,1.3388304879456756,1.251573200388253,8.2,2.584423592090607,1.332850391702354,0.7502220748633146,3.75,2.098215888738632,1.3479938138753176,0.36814668858675437,results/piper_pi_required/Llama-2-7b-chat-hf_forget05_retain95_NPO_seed1_fb1_pb16_both_66103_37/summary.json,1.187807745730877,1.8827655420846323,8.799999999999999,0.44,2.5333606576919556,1.3455529119610785,0.7040435440137984,1.5242398626360083,3.8,0.38,2.0470233404636384,1.34297979644984,0.39033712074235116,1.2899007732348315,1.7,0.34,1.7367878955602647,1.3464507748179135,13.807374000549316,0.1250455230474472,80
0.8088856451096608,0.6674936459745839,1.6722101633399724,13.6,3.013848410844803,1.3416382475048305,1.1500494547218088,7.199999999999999,2.497226682305336,1.3471772275835274,0.6952495273441075,3.0999999999999996,2.043161492049694,1.3479119647055864,0.7584152357779306,0.4344766179064716,0.72,0.72,0.55,NPO,538.2512807846069,-0.45310631111578215,0.6397887887841636,0.46029214677400887,1,0.18668247766838142,1.8464621473103762,1.3861700005363673,forget05,1e-05,1.3515254485011101,0.18671400772267951,Llama-2-7b-chat-hf,0.8088856451096608,32,1e-05,retain95,Llama-2-7b-chat-hf_forget05_retain95_NPO_seed1_fb1_pb32_both_66106_38,1,0.18660296294000106,0.17377211908847634,0.17868292860686785,1.5999999999999999,1.5083907306194306,1.3297078020125628,0.29404930999279033,1.7999999999999998,1.6317861044406892,1.3377367944478988,0.22011652363836798,1.7,1.57149557441473,1.3513790507763621,0.9155093269220163,0.7764107856431426,1.8227406448453665,18.4,3.1691451239585877,1.3464044791132213,1.289413933958113,9.0,2.6297191536426543,1.3403052196845413,0.80189891821146,4.3,2.156689140498638,1.3547902222871782,0.6674936459745839,results/piper_pi_required/Llama-2-7b-chat-hf_forget05_retain95_NPO_seed1_fb1_pb32_both_66106_38/summary.json,1.6603794936060905,2.226758496230208,13.6,0.68,3.013848410844803,1.3534689172387124,1.1476163725689055,1.8503316581754823,7.199999999999999,0.72,2.497226682305336,1.3496103097364307,0.6897282227434216,1.5096137640365193,3.0999999999999996,0.62,2.043161492049694,1.3534332693062723,13.935332298278809,0.11529885977506638,80
0.7026908939930905,0.5902248568994275,1.3558247074812655,11.200000000000001,2.697271169424057,1.3414464619427917,0.9652777541130779,5.2,2.3115000796318053,1.3462223255187273,0.5352830525070427,2.1999999999999997,1.882720110118389,1.3474370576113464,0.6136749179295081,0.3166353785415142,0.56,0.5,0.37,NPO,969.2021489143372,-0.4525316386653263,0.6397887887841636,0.46029214677400887,1,0.1872571501188373,1.8435859722085297,1.3832938254345208,forget05,1e-05,1.351089964210987,0.14408541421429255,Llama-2-7b-chat-hf,0.7026908939930905,64,1e-05,retain95,Llama-2-7b-chat-hf_forget05_retain95_NPO_seed1_fb1_pb64_both_66107_39,1,0.18754185379195326,0.1748403153612614,0.17867357586324206,1.5999999999999999,1.5069040143489838,1.3282304384857417,0.29532588402032856,1.7999999999999998,1.6328503668308259,1.3375244828104973,0.21532156796157342,1.65,1.5660503575205802,1.3507287895590068,0.9125519821729715,0.7717241428965715,1.7917193735092878,18.4,3.1367594361305238,1.345040062621236,1.2900640299573543,9.399999999999999,2.629213675260544,1.3391496453031897,0.8067804192364216,4.35,2.1610293620824814,1.3542489428460598,0.5902248568994275,results/piper_pi_required/Llama-2-7b-chat-hf_forget05_retain95_NPO_seed1_fb1_pb64_both_66107_39/summary.json,1.345288063657284,1.9950479838979258,11.200000000000001,0.56,2.697271169424057,1.3519831057667733,0.9624237261429427,1.7133945559523056,5.2,0.52,2.3115000796318053,1.3490763534888626,0.5297386286802588,1.3915342788854592,2.1999999999999997,0.44,1.882720110118389,1.3529814814381302,13.93298625946045,0.11504701524972916,80
0.05134135251182849,0.005134484537938151,0.34074325116574755,1.5999999999999999,1.6794916939735414,1.3387484428077938,0.10495943090617676,0.6,1.4489123505353927,1.343952919629216,0.04243475652635076,0.7000000000000001,1.3871198552846908,1.34468509875834,0.7291855758477476,0.8745333541334165,0.32,0.52,0.66,NPO,212.16726112365723,-0.4524079596713428,0.6397887887841636,0.46029214677400887,1,0.18738082911282083,1.8420854583382607,1.3817933115642518,forget05,1e-05,1.3483808749318122,0.024800217332318426,Llama-2-7b-chat-hf,0.05134135251182849,8,1e-05,retain95,Llama-2-7b-chat-hf_forget05_retain95_NPO_seed1_fb1_pb8_both_66096_36,1,0.1871811315378823,0.17456028224112896,0.178584579798579,1.5999999999999999,1.5042880618572234,1.3257034820586444,0.29681634594202033,1.7999999999999998,1.6315381968021392,1.3347218508601189,0.2157260575711728,1.5999999999999999,1.5638496050238608,1.348123547452688,0.3893554315433354,0.13039136956547825,1.0370025604575872,8.0,2.3791405534744263,1.3421379930168391,0.6277794383600355,3.5999999999999996,1.96422438621521,1.3364449478551745,0.3137956498891117,1.7,1.665357040911913,1.3515613910228013,0.005134484537938151,results/piper_pi_required/Llama-2-7b-chat-hf_forget05_retain95_NPO_seed1_fb1_pb8_both_66096_36/summary.json,0.33029669976234466,1.244810202512982,1.5999999999999999,0.08,1.6794916939735414,1.3491949942111967,0.10267833998948328,1.0762707962992604,0.6,0.06,1.4489123505353927,1.3462340105459094,0.03710262249484653,1.0274830732480156,0.7000000000000001,0.14,1.3871198552846908,1.3500172327898443,13.878023147583008,0.1271880567073822,80
0.8279574827315266,0.7068331633326533,1.7706109640806917,16.0,3.2400705718994143,1.4694596078187225,1.2113549475818872,7.6,2.687389452457428,1.4760345048755408,0.7533296157032252,3.65,2.2304371696710588,1.4771075539678336,0.7479834413331065,0.43312666050664206,0.76,0.74,0.62,NPO,338.1773610115051,-0.4758110820539141,0.6373914282054864,0.46456211525946856,2,0.16158034615157232,1.9968173652887344,1.5322552500292659,forget05,1e-05,1.4798671985268592,0.18335140296444297,Llama-2-7b-chat-hf,0.8279574827315266,16,1e-05,retain95,Llama-2-7b-chat-hf_forget05_retain95_NPO_seed1_fb2_pb16_both_66113_42,1,0.1853331808374024,0.16630924123696492,0.1892873713940384,1.5999999999999999,1.6458000123500824,1.456512640956044,0.294444119000435,1.7999999999999998,1.7606665480136872,1.4662224290132522,0.215697870734334,1.5499999999999998,1.695188283622265,1.479490412887931,0.8798982698326847,0.6864302977211908,1.8371282585471866,18.4,3.311018872261047,1.4738906137138605,1.292722274453938,9.2,2.759870661497116,1.467148387043178,0.7927060585409402,3.85,2.2762432968616486,1.4835372383207084,0.7068331633326533,results/piper_pi_required/Llama-2-7b-chat-hf_forget05_retain95_NPO_seed1_fb2_pb16_both_66113_42/summary.json,1.7589648119211199,2.1876024382937365,16.0,0.8,3.2400705718994143,1.4811057599782944,1.2106617392495276,1.8198273306726283,7.6,0.76,2.687389452457428,1.4767277132079004,0.7481846746064724,1.5047619599883835,3.65,0.73,2.2304371696710588,1.4822524950645863,14.054040908813477,0.06863267719745636,80
0.8995051453419749,0.8429503798015192,1.7810499736160041,16.799999999999997,3.250476393699646,1.469426420083642,1.2242549811393024,8.0,2.699722909927368,1.4754679287880657,0.7817570686906576,3.9,2.258221236765385,1.4764641680747272,0.9172058196643591,0.7491134604538418,0.8,0.82,0.84,NPO,520.1515645980835,-0.47653354294030087,0.6373914282054864,0.46456211525946856,2,0.16085788526518568,2.000736521091312,1.5361744058318436,forget05,1e-05,1.4791222284436225,0.2695718989120796,Llama-2-7b-chat-hf,0.8995051453419749,32,1e-05,retain95,Llama-2-7b-chat-hf_forget05_retain95_NPO_seed1_fb2_pb32_both_66116_43,1,0.18437365709082854,0.16460321841287362,0.18909464893043038,1.5999999999999999,1.6459075152873992,1.4568128663569688,0.28861159520149204,1.7999999999999998,1.7539357459545135,1.4653241507530215,0.2150789447724819,1.4999999999999998,1.6940143296122552,1.4789353848397733,0.8753706823114591,0.6743642014568058,1.8185515570729973,19.2,3.2919066953659057,1.4733551382929084,1.276371064664423,9.2,2.743235386610031,1.466864321945608,0.7804877087265256,3.8,2.2632884204387667,1.482800711712241,0.8429503798015192,results/piper_pi_required/Llama-2-7b-chat-hf_forget05_retain95_NPO_seed1_fb2_pb32_both_66116_43/summary.json,1.769515142965317,2.1948422972497825,16.799999999999997,0.84,3.250476393699646,1.480961250734329,1.2239345500782133,1.8293428674307444,8.0,0.8,2.699722909927368,1.4757883598491548,0.7766676753379405,1.5242251752205558,3.9,0.78,2.258221236765385,1.4815535614274444,14.100870132446289,0.07199355214834213,80
0.9067429408795253,0.84474923499694,1.7682960996240378,16.0,3.2401420044898988,1.471845904865861,1.2680003440171481,8.799999999999999,2.746106632947922,1.4781062889307737,0.8026765026837586,3.95,2.281747949719429,1.4790714470356705,0.9319849762947178,0.7794833739334958,0.76,0.88,0.87,NPO,1001.2714328765869,-0.47565021933248064,0.6373914282054864,0.46456211525946856,2,0.16174120887300586,1.9972904715687037,1.532728356309235,forget05,1e-05,1.4818416031002999,0.2826136812106706,Llama-2-7b-chat-hf,0.9067429408795253,64,1e-05,retain95,Llama-2-7b-chat-hf_forget05_retain95_NPO_seed1_fb2_pb64_both_66117_44,1,0.18503476521198256,0.1644130416521666,0.19298047951161856,1.5999999999999999,1.6519595420360564,1.4589790625244379,0.2916403674900534,1.7999999999999998,1.759916571378708,1.4682762038886545,0.21669307122826575,1.4999999999999998,1.698243372142315,1.4815503009140492,0.8709683645472409,0.6664876579506318,1.8257256948441267,19.2,3.301550965309143,1.4758252704650163,1.2843745894208551,9.2,2.753743804693222,1.4693692152723667,0.7841569914877415,3.8,2.2695589804649354,1.4854019889771939,0.84474923499694,results/piper_pi_required/Llama-2-7b-chat-hf_forget05_retain95_NPO_seed1_fb2_pb64_both_66117_44/summary.json,1.7566219268918037,2.1840904301988795,16.0,0.8,3.2401420044898988,1.483520077598095,1.2677089491263036,1.8574884572663224,8.799999999999999,0.88,2.746106632947922,1.4783976838216182,0.7975288089938464,1.5373389866161964,3.95,0.79,2.281747949719429,1.4842191407255827,14.082585334777832,0.06891152262687683,80
0.9148624203271919,0.8305728582914331,1.80610058003366,16.799999999999997,3.2745938205718996,1.4684932405382396,1.2730983809977774,8.799999999999999,2.74801357626915,1.4749151952713726,0.8099161081731319,4.0,2.285966900587082,1.47605079241395,0.9493153381418518,0.8008995235980945,0.84,0.9,0.86,NPO,225.30815052986145,-0.47603727607281054,0.6373914282054864,0.46456211525946856,2,0.16135415213267595,1.9974220641888678,1.5328599489293993,forget05,1e-05,1.4788670235276222,0.2937740186601877,Llama-2-7b-chat-hf,0.9148624203271919,8,1e-05,retain95,Llama-2-7b-chat-hf_forget05_retain95_NPO_seed1_fb2_pb8_both_66111_41,1,0.18473657510312505,0.16620181680726723,0.19145091395080116,1.5999999999999999,1.6470128858089448,1.4555619718581436,0.29595015656948065,1.7999999999999998,1.760999573469162,1.4650494168996813,0.21686988722682,1.4999999999999998,1.6955406495928764,1.4786707623660564,0.8827033453665161,0.6802322249288997,1.846092990455031,19.2,3.3186545252799986,1.4725615348249677,1.272366278477013,8.6,2.7386407327651976,1.4662744542881847,0.7609900139391421,3.5999999999999996,2.243443402647972,1.4824533887088298,0.8305728582914331,results/piper_pi_required/Llama-2-7b-chat-hf_forget05_retain95_NPO_seed1_fb2_pb8_both_66111_41/summary.json,1.7942071856141095,2.211985533539532,16.799999999999997,0.84,3.2745938205718996,1.48038663495779,1.2726283190026881,1.862573563572518,8.799999999999999,0.88,2.74801357626915,1.4753852572664619,0.8047231060303748,1.543275258932784,4.0,0.8,2.285966900587082,1.4812437945567072,14.147210121154785,0.06495144963264465,80
0.572433676743235,0.5007429949719798,1.131828103289008,11.200000000000001,2.577333252429962,1.445505149140954,0.7815324864745139,4.199999999999999,2.2488343566656113,1.4673018701910974,0.5247216643199326,2.25,1.973648142516613,1.4489264781966804,0.5250968999997586,0.3514468457873831,0.6,0.42,0.43,NPO,2256.798119544983,-0.4724364304905413,0.6213847660922498,0.49136365589220077,1,0.14894833560170856,2.100252688396722,1.6088890325045213,forget05,1e-05,1.4525655385255813,0.13096558742888736,Llama-2-7b-chat-hf,0.572433676743235,128,1e-05,retain95,Llama-2-7b-chat-hf_forget05_retain95_NPO_seed2_fb1_pb128_both_66126_49,2,0.19898283199005298,0.1737327589310357,0.3765801161020992,3.1999999999999997,1.8172920393943786,1.4407119232922794,0.36541010251492256,2.0,1.8241721838712692,1.4587620813563467,0.21735585341900587,1.4499999999999997,1.6632137894630432,1.4458579360440373,0.9156017034844091,0.8459995439981759,1.7100896525859834,18.4,3.1542282843589784,1.444138631772995,1.2718772120624782,8.799999999999999,2.722663162946701,1.4507859508842227,0.87328526044935,4.25,2.3234662249684335,1.4501809645190835,0.5007429949719798,results/piper_pi_required/Llama-2-7b-chat-hf_forget05_retain95_NPO_seed2_fb1_pb128_both_66126_49/summary.json,1.1269754634797573,1.7770327239704642,11.200000000000001,0.56,2.577333252429962,1.4503577889502048,0.8003470417231322,1.5525399038478391,4.199999999999999,0.42,2.2488343566656113,1.448487314942479,0.5273985308974982,1.364666324997012,2.25,0.45,1.973648142516613,1.4462496116191148,14.0271577835083,0.016832008957862854,80
0.45774598156223345,0.3797058068232273,0.9370662583678961,8.799999999999999,2.41802210688591,1.4809558485180139,0.6140084869384763,3.4,2.1173945266008376,1.5033860396623613,0.38745907728225015,1.7499999999999998,1.871762773692608,1.4843036964103578,0.27963790083836315,0.13861466645866583,0.4,0.32,0.33,NPO,313.4453179836273,-0.47640017367265597,0.6213847660922498,0.49136365589220077,1,0.14498459241959388,2.131867365911603,1.6405037100194022,forget05,1e-05,1.4880050110816956,0.0923559653609991,Llama-2-7b-chat-hf,0.45774598156223345,16,1e-05,retain95,Llama-2-7b-chat-hf_forget05_retain95_NPO_seed2_fb1_pb16_both_66121_46,2,0.1972306418990882,0.16915469261877047,0.37605003648698343,3.1999999999999997,1.8519456171989441,1.4758955807119607,0.3605430588647722,2.0,1.8548798555135726,1.4943367966488004,0.21441666321307418,1.4499999999999997,1.6959999740123748,1.4815833107993006,0.8750754753602348,0.801318661274645,1.6544618147850039,18.4,3.1343786454200746,1.4799168306350707,1.2016079172581438,8.2,2.688395791053772,1.4867878737956284,0.8686054626181721,4.199999999999999,2.3545971167087556,1.4859916540905835,0.3797058068232273,results/piper_pi_required/Llama-2-7b-chat-hf_forget05_retain95_NPO_seed2_fb1_pb16_both_66121_46/summary.json,0.9311717479288577,1.6262713273863187,8.799999999999999,0.44,2.41802210688591,1.4868503589570523,0.6336690284341573,1.4270796917739372,3.4,0.34,2.1173945266008376,1.4837254981666803,0.390174780985713,1.2633490436655435,1.7499999999999998,0.35,1.871762773692608,1.481587992706895,13.91269302368164,0.014931507408618927,80
0.1618634668914261,0.13836679346717387,0.45961460895240314,3.1999999999999997,2.0546021163463593,1.5949875073939561,0.31921263133287425,1.5999999999999999,1.9393977916240692,1.620185160291195,0.08493552011102468,0.95,1.685437054783106,1.6005015346720812,0.10015627243442483,-0.038284761139044554,0.2,0.16,0.13,NPO,529.8300290107727,-0.4884065949978286,0.6213847660922498,0.49136365589220077,1,0.1329781710944212,2.2322859410196543,1.7409222851274535,forget05,1e-05,1.6038467111587524,0.06082364222360775,Llama-2-7b-chat-hf,0.1618634668914261,32,1e-05,retain95,Llama-2-7b-chat-hf_forget05_retain95_NPO_seed2_fb1_pb32_both_66123_47,2,0.21032978515333578,0.18140299761199044,0.4070668097227812,3.1999999999999997,2.000746285915375,1.5936794761925936,0.3833204083010555,2.1999999999999997,1.9951163643598557,1.6117959560588002,0.23366195395141864,1.4499999999999997,1.8303257840871812,1.5966638301357625,0.8835720277325483,0.8013554294217177,1.766714984488487,18.4,3.362431948184967,1.5957169636964799,1.287081260994077,8.2,2.8895265114307405,1.6024452504366635,0.8808695633038877,4.1,2.4827143853902816,1.601844822086394,0.13836679346717387,results/piper_pi_required/Llama-2-7b-chat-hf_forget05_retain95_NPO_seed2_fb1_pb32_both_66123_47/summary.json,0.4517463299334048,1.28183841226563,3.1999999999999997,0.16,2.0546021163463593,1.6028557864129545,0.3392231757849453,1.21199134921101,1.5999999999999999,0.16,1.9393977916240692,1.600174615839124,0.08841104814410228,1.0553598048977089,0.95,0.19,1.685437054783106,1.5970260066390036,14.052094459533691,0.011148023419082165,80
0.44836032534839787,0.4012663410653642,0.9129835466474294,8.0,2.3545245051383974,1.441540958490968,0.5740261862635614,2.8000000000000003,2.0375200939178466,1.4634939076542852,0.3703670061185955,1.7,1.815438702851534,1.4450716967329384,0.3502451869813633,0.20132442129768519,0.44,0.28,0.29,NPO,1036.5915689468384,-0.4716104029960828,0.6213847660922498,0.49136365589220077,1,0.14977436309616704,2.0966874370351434,1.6053237811429426,forget05,1e-05,1.448189693570137,0.09680196214909666,Llama-2-7b-chat-hf,0.44836032534839787,64,1e-05,retain95,Llama-2-7b-chat-hf_forget05_retain95_NPO_seed2_fb1_pb64_both_66124_48,2,0.2026188831910356,0.1766751707006828,0.37160281021296937,3.1999999999999997,1.8076875233650207,1.4360847131520513,0.3703825010463595,2.0,1.824830510020256,1.4544480089738965,0.22131929627805946,1.4499999999999997,1.662480854988098,1.4411615587100386,0.9052959158001371,0.8238894075576302,1.7176261795401575,18.4,3.15657030582428,1.4389441262841225,1.2584822232335804,8.799999999999999,2.705265597105026,1.4467833738714457,0.8435601794347167,4.05,2.289577496647835,1.446017317213118,0.4012663410653642,results/piper_pi_required/Llama-2-7b-chat-hf_forget05_retain95_NPO_seed2_fb1_pb64_both_66124_48/summary.json,0.9072124413788321,1.6268257303281504,8.0,0.4,2.3545245051383974,1.4473120637595653,0.5928913191705942,1.4104108470872212,2.8000000000000003,0.28,2.0375200939178466,1.4446287747472524,0.37291333642303925,1.2585142314317315,1.7,0.34,1.815438702851534,1.4425253664284947,13.70223617553711,0.01877882331609726,80
0.32167027665334513,0.2884595538382153,0.699660078498721,6.3999999999999995,2.1468060171604155,1.4471459386616945,0.49150984022468314,2.6,1.9610985434055328,1.4695887031808497,0.2566204295657577,1.4499999999999997,1.7074027691781521,1.4507823396123944,0.1996030842410599,0.06521728486913947,0.28,0.28,0.26,NPO,204.65007066726685,-0.4718774700887146,0.6213847660922498,0.49136365589220077,1,0.1495072960035352,2.1010798634961247,1.609716207603924,forget05,1e-05,1.4544522623121738,0.07926580744981766,Llama-2-7b-chat-hf,0.32167027665334513,8,1e-05,retain95,Llama-2-7b-chat-hf_forget05_retain95_NPO_seed2_fb1_pb8_both_66119_45,2,0.19876753051820767,0.176187584750339,0.3782461205810308,3.1999999999999997,1.820805823802948,1.4425597032219173,0.362418549002707,2.0,1.822838858962059,1.460420309959352,0.2147192944951355,1.4499999999999997,1.6623974277079105,1.447678133212775,0.9016790974753116,0.8231730526922107,1.6926744665801525,18.4,3.1387252020835876,1.446050735503435,1.2722958534926174,8.799999999999999,2.724845812320709,1.4525499588280917,0.8769271403141317,4.3,2.32911328792572,1.4521861476115885,0.2884595538382153,results/piper_pi_required/Llama-2-7b-chat-hf_forget05_retain95_NPO_seed2_fb1_pb8_both_66119_45/summary.json,0.6940115334063766,1.4777079904743595,6.3999999999999995,0.32,2.1468060171604155,1.452794483754039,0.5105727756589653,1.3519915240472802,2.6,0.26,1.9610985434055328,1.4505257677465675,0.259221338284761,1.178997833251353,1.4499999999999997,0.29,1.7074027691781521,1.4481814308933911,13.800135612487793,0.01826188899576664,80
0.8690179601466628,0.7976883107532431,2.0161913782924414,18.4,3.8458846259117125,1.829693247619271,1.4274909866690637,8.2,3.2845836210250856,1.857092634356022,0.9852492845401171,4.25,2.821001499891281,1.835752215351164,0.9520690116700921,0.8493882615530461,0.96,0.86,0.86,NPO,315.4698920249939,-0.5105995656809266,0.6191139344959836,0.4958387447986752,2,0.10851436881505719,2.4584298375993967,1.9625910928007215,forget05,1e-05,1.838518511414528,0.36764666958339515,Llama-2-7b-chat-hf,0.8690179601466628,16,1e-05,retain95,Llama-2-7b-chat-hf_forget05_retain95_NPO_seed2_fb2_pb16_both_66129_51,2,0.22119982469480243,0.1919066876267505,0.44994896940886986,3.1999999999999997,2.2769293761253357,1.8269804067164659,0.432123631696403,2.4,2.2803838843107225,1.8482602526143195,0.2666911603823303,1.4499999999999997,2.0976058578491212,1.830914697466791,0.87318275912656,0.7789335797343189,1.9925851062774662,18.4,3.820989603996277,1.8284044977188108,1.4391271440953015,8.2,3.2766621947288512,1.8375350506335497,0.984776685936749,4.1499999999999995,2.8190226620435714,1.8342459761068224,0.7976883107532431,results/piper_pi_required/Llama-2-7b-chat-hf_forget05_retain95_NPO_seed2_fb2_pb16_both_66129_51/summary.json,2.007464270991087,2.091950633389152,18.4,0.92,3.8458846259117125,1.8384203549206257,1.448445655241609,1.7888544772960784,8.2,0.82,3.2845836210250856,1.8361379657834767,0.9894804707914591,1.540250674204806,4.25,0.85,2.821001499891281,1.831521029099822,13.98314094543457,0.018826449289917946,80
0.8799695981073663,0.8215260701042805,2.0469963029116394,19.2,3.89707261800766,1.8500763150960204,1.4549320809721944,8.2,3.3327939665317534,1.877861885559559,1.004139686639607,4.1499999999999995,2.859894270002842,1.855754583363235,0.9661639190770932,0.901697238788955,0.96,0.84,0.9,NPO,552.0817222595215,-0.5131004887098731,0.6191139344959836,0.4958387447986752,2,0.10601344578611058,2.489408427849412,1.9935696830507368,forget05,1e-05,1.8591407672166824,0.394563611689955,Llama-2-7b-chat-hf,0.8799695981073663,32,1e-05,retain95,Llama-2-7b-chat-hf_forget05_retain95_NPO_seed2_fb2_pb32_both_66132_52,2,0.22307267153139376,0.19314134856539425,0.4618594645589589,3.1999999999999997,2.3092353987693786,1.8473759342104197,0.443755416612327,2.4,2.31244543492794,1.8686900183156132,0.27382223646789794,1.4999999999999998,2.1254159420728684,1.8515937056049705,0.8768303938559099,0.7779782799131195,2.0372145122051237,18.4,3.8857597804069517,1.848545268201828,1.478394069054723,8.399999999999999,3.3366026556491852,1.8582085865944622,0.9984949605330826,4.1,2.8536215937137603,1.8551266331806777,0.8215260701042805,results/piper_pi_required/Llama-2-7b-chat-hf_forget05_retain95_NPO_seed2_fb2_pb32_both_66132_52/summary.json,2.0375329313933848,2.0957189814556676,19.2,0.96,3.89707261800766,1.859539686614275,1.4758545012980697,1.7947779283760028,8.2,0.82,3.3327939665317534,1.8569394652336837,1.0081286292016507,1.5444148044379258,4.1499999999999995,0.83,2.859894270002842,1.8517656408011913,13.91341781616211,0.017221083864569664,80
0.8739858737731481,0.8201604646418585,1.9810746809810398,18.4,3.808228299617767,1.8271536186367274,1.4043468158125876,8.0,3.258973208665848,1.8546263928532603,0.9855805658504369,4.25,2.818316698670387,1.8327361328199503,0.9584488680924965,0.8821493525974102,1.0,0.88,0.89,NPO,971.3478722572327,-0.5102208858602043,0.6191139344959836,0.4958387447986752,2,0.10889304863577932,2.453904213383794,1.9580654685851187,forget05,1e-05,1.8359950104951859,0.37847479641763493,Llama-2-7b-chat-hf,0.8739858737731481,64,1e-05,retain95,Llama-2-7b-chat-hf_forget05_retain95_NPO_seed2_fb2_pb64_both_66133_53,2,0.21993403788831445,0.1916025584102336,0.4480938442438842,3.1999999999999997,2.2727841925621033,1.824690348318219,0.43112401055544614,2.4,2.276481265425682,1.8453572548702357,0.26216464026123276,1.4499999999999997,2.090655256509781,1.8284906162485481,0.8779219802160606,0.7866292585170341,1.982383178925514,18.4,3.808228299617767,1.8258451206922532,1.4600706980556248,8.6,3.2949669766426086,1.8348962785869838,0.9880033973291513,4.1499999999999995,2.8200991094112395,1.8320957120820882,0.8201604646418585,results/piper_pi_required/Llama-2-7b-chat-hf_forget05_retain95_NPO_seed2_fb2_pb64_both_66133_53/summary.json,1.9719956022202967,2.0739355665625854,18.4,0.92,3.808228299617767,1.8362326973974705,1.4255191484838725,1.7775046997045487,8.0,0.8,3.258973208665848,1.8334540601819753,0.989599447211623,1.541144043138556,4.25,0.85,2.818316698670387,1.8287172514587642,14.06572437286377,0.017820697277784348,80
0.8635213336779208,0.8115409741638966,1.9417952545851471,17.599999999999998,3.7585276222229003,1.8167323676377531,1.3794641860067844,7.8,3.223147327899933,1.8436831418931485,0.962923579750955,4.05,2.7852055716514585,1.8222819919005036,0.9058878840885638,0.8340593042372169,0.84,0.84,0.87,NPO,208.84262704849243,-0.5089503098165424,0.6191139344959836,0.4958387447986752,2,0.11016362467944125,2.443496652878821,1.9476579080801457,forget05,1e-05,1.8254495368003845,0.2993826612867415,Llama-2-7b-chat-hf,0.8635213336779208,8,1e-05,retain95,Llama-2-7b-chat-hf_forget05_retain95_NPO_seed2_fb2_pb8_both_66128_50,2,0.22103033171339856,0.1900942963771855,0.4513494826167821,3.1999999999999997,2.2653671002388,1.8140176176220177,0.43137182536572194,2.4,2.2660875982046127,1.8347157728388908,0.2629347670659421,1.4499999999999997,2.0809719610214232,1.8180371939554811,0.8391141300266457,0.7497797031188124,1.9117819229841235,17.599999999999998,3.7271507573127747,1.8153688343286511,1.3631643386870622,7.8,3.1874168300628662,1.824252491375804,0.9556796906366947,4.0,2.7771735921502114,1.8214939015135168,0.8115409741638966,results/piper_pi_required/Llama-2-7b-chat-hf_forget05_retain95_NPO_seed2_fb2_pb8_both_66128_50/summary.json,1.9325595386564731,2.0583753111838923,17.599999999999998,0.88,3.7585276222229003,1.8259680835664271,1.4002261870056392,1.7681221944240069,7.8,0.78,3.223147327899933,1.8229211408942938,0.9671406876593827,1.53196159068633,4.05,0.81,2.7852055716514585,1.8180648839920759,13.963532447814941,0.018492907285690308,80
0.6168237847212446,0.5008167232668931,1.4186560776382686,13.6,2.80804775595665,1.3893916783183813,0.9815128815785048,5.4,2.383775588274002,1.4022627066954971,0.5137157161131505,2.25,1.9158685225248338,1.4021528064116833,0.5586827859166701,0.3506758667034668,0.64,0.5,0.4,NPO,2240.903645515442,-0.4565196683821858,0.6408925570950978,0.4619713416323066,1,0.1843728887129121,1.862664117012173,1.4006927753798664,forget10,1e-05,1.3951539846658707,0.1339439654748421,Llama-2-7b-chat-hf,0.6168237847212446,128,1e-05,retain90,Llama-2-7b-chat-hf_forget10_retain90_NPO_seed0_fb1_pb128_both_66146_58,0,0.17452009821992737,0.1261633206532826,0.07890249938964877,1.5999999999999999,1.4663929307460786,1.3874904313564298,0.2314736516460778,1.7999999999999998,1.6273037800192833,1.3958301283732055,0.21684916725903758,1.4999999999999998,1.6149023635685444,1.3980531963095069,0.936492333086401,0.872748610994444,1.7756332977831368,18.4,3.164715201854706,1.3890819040715692,1.3183119503378868,9.399999999999999,2.717873091697693,1.3995611413598061,0.9093593545794489,4.55,2.2986988735198977,1.3893395189404487,0.5008167232668931,results/piper_pi_required/Llama-2-7b-chat-hf_forget10_retain90_NPO_seed0_fb1_pb128_both_66146_58/summary.json,1.3996392188012603,1.9937735975586737,13.6,0.68,2.80804775595665,1.4084085371553896,0.988408886040747,1.7083506324601407,5.4,0.54,2.383775588274002,1.395366702233255,0.5159626240968704,1.368569505047643,2.25,0.45,1.9158685225248338,1.3999058984279633,14.174699783325195,0.05129620060324669,80
0.7909213270743473,0.6708407953631814,1.7222466953188185,17.599999999999998,3.113110797405243,1.3908641020864245,1.1609640964105725,6.8,2.5645572006702424,1.4035931042596699,0.6853242278531193,3.1999999999999997,2.0884867522120474,1.403162524358928,0.7424371534438065,0.5182209208836835,0.84,0.66,0.59,NPO,352.025107383728,-0.4569579788316857,0.6408925570950978,0.4619713416323066,1,0.18393457826341214,1.8610159293748438,1.3990445877425373,forget10,1e-05,1.396281911969185,0.18812656928878277,Llama-2-7b-chat-hf,0.7909213270743473,16,1e-05,retain90,Llama-2-7b-chat-hf_forget10_retain90_NPO_seed0_fb1_pb16_both_66137_55,0,0.17484723873203867,0.1267878991515966,0.0792668515801429,1.5999999999999999,1.4682130134105682,1.3889461618304253,0.22723927349895234,1.7999999999999998,1.6239649280905724,1.39672565459162,0.21643505729883916,1.4999999999999998,1.6155528302490711,1.399117772950232,0.9306564785443858,0.8626189384757539,1.770292928928137,18.4,3.160732800960541,1.3904398720324038,1.3156313062071803,9.399999999999999,2.716534436941147,1.4009031307339668,0.8975329678744077,4.5,2.2883975571393966,1.390864589264989,0.6708407953631814,results/piper_pi_required/Llama-2-7b-chat-hf_forget10_retain90_NPO_seed0_fb1_pb16_both_66137_55/summary.json,1.703459298795462,2.2084258417597815,17.599999999999998,0.88,3.113110797405243,1.409651498609781,1.1681176469638943,1.836497107134745,6.8,0.68,2.5645572006702424,1.396439553706348,0.687501288694143,1.4907269251515376,3.1999999999999997,0.64,2.0884867522120474,1.4009854635179044,13.827500343322754,0.05507276952266693,80
0.7721251169341068,0.6713481573926295,1.6507956953912977,16.0,3.037490520477295,1.3866948250859974,1.1359436567142605,6.3999999999999995,2.535792136788368,1.3998484800741076,0.6763415967538953,3.25,2.075861357152462,1.3995197603985667,0.746156916627785,0.5445025620102479,0.76,0.64,0.6,NPO,502.62599539756775,-0.4567051848891044,0.6408925570950978,0.4619713416323066,1,0.18418737220599346,1.8598734294064343,1.3979020877741277,forget10,1e-05,1.3925057535171508,0.18792240503104404,Llama-2-7b-chat-hf,0.7721251169341068,32,1e-05,retain90,Llama-2-7b-chat-hf_forget10_retain90_NPO_seed0_fb1_pb32_both_66138_56,0,0.1768811874543278,0.1274308137232549,0.08162230107784274,1.5999999999999999,1.4665036022663116,1.3848813011884689,0.23287159343808872,1.7999999999999998,1.6259148451685905,1.3930432517305018,0.22001458040028798,1.4999999999999998,1.6153030724823474,1.3952884920820594,0.9328049074004727,0.8658319753279012,1.780350641590357,17.599999999999998,3.1671126914024352,1.3867620498120783,1.315560822105408,9.2,2.712593057155609,1.3970322350502011,0.9054588189125061,4.55,2.292145294547081,1.386686475634575,0.6713481573926295,results/piper_pi_required/Llama-2-7b-chat-hf_forget10_retain90_NPO_seed0_fb1_pb32_both_66138_56/summary.json,1.6316317327439787,2.1605943263865632,16.0,0.8,3.037490520477295,1.4058587877333164,1.1429101259902117,1.8205362099086164,6.3999999999999995,0.64,2.535792136788368,1.3928820107981563,0.6784118717253207,1.4854643254013284,3.25,0.65,2.075861357152462,1.3974494854271413,14.10915756225586,0.04658697172999382,80
0.5628761569250036,0.4658479113916455,1.3348704495340589,12.799999999999999,2.7227530348300935,1.3878825852960346,0.8734690155521037,5.0,2.2745667147636413,1.4010976992115376,0.460556797365844,2.0999999999999996,1.8614028748869895,1.4008460775211455,0.48271432152580684,0.2971657326629306,0.52,0.46,0.37,NPO,923.7400281429291,-0.4567807409052183,0.6408925570950978,0.4619713416323066,1,0.1841118161898796,1.8633508142083883,1.4013794725760818,forget10,1e-05,1.393971174299717,0.119606779538095,Llama-2-7b-chat-hf,0.5628761569250036,64,1e-05,retain90,Llama-2-7b-chat-hf_forget10_retain90_NPO_seed0_fb1_pb64_both_66140_57,0,0.17614904086137012,0.1284452497809991,0.0825532805204392,1.5999999999999999,1.4687830746173858,1.3862297940969466,0.23184003093689687,1.7999999999999998,1.6267648121714593,1.3949247812345624,0.21760771710723636,1.4999999999999998,1.6143565781414508,1.3967488610342145,0.9350886288796582,0.8672926211704847,1.7651226830005646,17.599999999999998,3.1530367302894593,1.3879140472888947,1.3103306954205038,8.799999999999999,2.7083665788173676,1.3980358833968638,0.9076172649666665,4.3999999999999995,2.295771025121212,1.3881537601545455,0.4658479113916455,results/piper_pi_required/Llama-2-7b-chat-hf_forget10_retain90_NPO_seed0_fb1_pb64_both_66140_57/summary.json,1.3156461159706119,1.9350008150318794,12.799999999999999,0.64,2.7227530348300935,1.4071069188594816,0.8801157154157757,1.6311557134867944,5.0,0.5,2.2745667147636413,1.3944509993478655,0.4627985343426464,1.3309002560098757,2.0999999999999996,0.42,1.8614028748869895,1.3986043405443431,14.107904434204102,0.05067276209592819,80
0.886627691484575,0.8244511058044232,1.732645209470391,17.599999999999998,3.114727909564972,1.382082700094581,1.2127109398141505,7.3999999999999995,2.6078340077400206,1.3951230679258702,0.8427938711330294,4.199999999999999,2.2375768822431565,1.3947830111101271,0.8578472317914996,0.7425147780591123,0.8,0.74,0.82,NPO,212.36541891098022,-0.45526320860082614,0.6408925570950978,0.4619713416323066,1,0.1856293484942717,1.8507419573143125,1.3887706156820059,forget10,1e-05,1.3879096051454545,0.2367076016329229,Llama-2-7b-chat-hf,0.886627691484575,8,1e-05,retain90,Llama-2-7b-chat-hf_forget10_retain90_NPO_seed0_fb1_pb8_both_66136_54,0,0.17500476758490763,0.12612770451081803,0.07947716289758655,1.5999999999999999,1.4607393777370452,1.3812622148394587,0.22890878482908006,1.7999999999999998,1.61777562469244,1.38886683986336,0.2168769614502788,1.4999999999999998,1.6076513327658177,1.390774371315539,0.9179155701727751,0.8549698198792794,1.7616307044684887,17.599999999999998,3.1435584354400636,1.381927730971575,1.3106532595634464,9.399999999999999,2.7032275128364565,1.39257425327301,0.8954866036593916,4.5,2.277910632491112,1.3824240288317202,0.8244511058044232,results/piper_pi_required/Llama-2-7b-chat-hf_forget10_retain90_NPO_seed0_fb1_pb8_both_66136_54/summary.json,1.713534404319525,2.2229106100654996,17.599999999999998,0.88,3.114727909564972,1.401193505245447,1.2198364341631531,1.8788462295504138,7.3999999999999995,0.74,2.6078340077400206,1.3879975735768675,0.8447926404863597,1.6065495395186087,4.199999999999999,0.84,2.2375768822431565,1.3927842417567968,13.861017227172852,0.04697512090206146,80
0.7691396956143666,0.6832966531866127,1.474715153029561,14.399999999999999,2.9373352909088135,1.4626201378792525,1.0575948437169194,6.3999999999999995,2.529947557449341,1.4723527137324215,0.6670532279387116,3.3,2.139694744348526,1.4726415164098143,0.7151934303014931,0.5240022560090241,0.68,0.62,0.58,NPO,293.4702732563019,-0.47524966767287413,0.6386486684593953,0.4664212891366333,2,0.1633990007865212,1.9773344243876636,1.5109131352510303,forget10,1e-05,1.4660153193473815,0.16181370726786554,Llama-2-7b-chat-hf,0.7691396956143666,16,1e-05,retain90,Llama-2-7b-chat-hf_forget10_retain90_NPO_seed0_fb2_pb16_both_66152_60,0,0.17250661260609818,0.116562610250441,0.08694031280279146,1.5999999999999999,1.5435916793346405,1.456651366531849,0.20774284659475084,1.5999999999999999,1.6741377958655357,1.4663949492707848,0.20080971233099687,1.5499999999999998,1.6688944078981875,1.4680846955671907,0.8886115657563645,0.7709993399973599,1.6846441901743412,16.799999999999997,3.1444866251945496,1.4598424350202084,1.2375105616331101,9.2,2.708643447160721,1.4711328855276107,0.8371503290623428,4.1,2.297582295536995,1.4604319664746523,0.6832966531866127,results/piper_pi_required/Llama-2-7b-chat-hf_forget10_retain90_NPO_seed0_fb2_pb16_both_66152_60/summary.json,1.4584190869271754,1.9861404473091315,14.399999999999999,0.72,2.9373352909088135,1.4789162039816381,1.064234848047793,1.7260869345141459,6.3999999999999995,0.64,2.529947557449341,1.4657127094015479,0.6682778146892785,1.454172981986852,3.3,0.66,2.139694744348526,1.4714169296592474,13.999391555786133,0.3912228047847748,80
0.8599824776356688,0.7778388873555494,1.700053920379281,17.599999999999998,3.1536181640625,1.4535642436832188,1.1332096395865083,7.199999999999999,2.596288198828697,1.4630785592421887,0.7620934014841914,3.75,2.225535373687744,1.4634419722035528,0.8296174729637571,0.6440968163872655,0.88,0.72,0.69,NPO,499.95438838005066,-0.47302285039414416,0.6386486684593953,0.4664212891366333,2,0.1656258180652511,1.9631757396273315,1.4967544504906982,forget10,1e-05,1.4567784535884858,0.22075526525406167,Llama-2-7b-chat-hf,0.8599824776356688,32,1e-05,retain90,Llama-2-7b-chat-hf_forget10_retain90_NPO_seed0_fb2_pb32_both_66153_61,0,0.17553105414272513,0.11765423061692247,0.08815255068540573,1.5999999999999999,1.5359199655056,1.4477674148201942,0.2126921675667166,1.7999999999999998,1.6696641930937768,1.4569720255270602,0.20492216908186656,1.5499999999999998,1.6637268395721911,1.4588046704903246,0.888262899000551,0.7719926559706238,1.687541043418646,17.599999999999998,3.1382144331932067,1.4506733897745607,1.238350772035122,9.2,2.700151879787445,1.4618011077523232,0.8366481188178061,4.199999999999999,2.287918074131012,1.4512699553132058,0.7778388873555494,results/piper_pi_required/Llama-2-7b-chat-hf_forget10_retain90_NPO_seed0_fb2_pb32_both_66153_61/summary.json,1.6835698780953883,2.1452480127125932,17.599999999999998,0.88,3.1536181640625,1.4700482859671116,1.1400086993351577,1.782822734050453,7.199999999999999,0.72,2.596288198828697,1.4562794994935393,0.7632626313507556,1.5219700875576176,3.75,0.75,2.225535373687744,1.4622727423369886,13.911606788635254,0.3961280286312103,80
0.8934747344361373,0.83299513998056,1.693446813336015,16.799999999999997,3.1432019233703614,1.4497551100343464,1.176496584625542,7.6,2.6357729506492613,1.4592763660237194,0.7891215256705881,3.9,2.2487491089105607,1.4596275832399725,0.911444124534952,0.7906160584642339,0.84,0.76,0.81,NPO,916.041497707367,-0.4714442880910219,0.6386486684593953,0.4664212891366333,2,0.16720438036837343,1.9548541768454015,1.4884328877087682,forget10,1e-05,1.4529227319955826,0.28574810771411285,Llama-2-7b-chat-hf,0.8934747344361373,64,1e-05,retain90,Llama-2-7b-chat-hf_forget10_retain90_NPO_seed0_fb2_pb64_both_66155_62,0,0.17428303018950733,0.11782875931503725,0.08238878662586213,1.5999999999999999,1.5265019142627716,1.4441131276369095,0.21035016789287342,1.5999999999999999,1.6637211629748345,1.453370995081961,0.2017976739361882,1.5499999999999998,1.6566378046572208,1.4548401307210326,0.8933284168059238,0.7814089496357984,1.6802373340785501,16.799999999999997,3.1268777871131896,1.4466404530346395,1.2320201733648781,9.2,2.6905509543418886,1.4585307809770105,0.8329271348416807,4.1,2.2802435648441315,1.4473164300024508,0.83299513998056,results/piper_pi_required/Llama-2-7b-chat-hf_forget10_retain90_NPO_seed0_fb2_pb64_both_66155_62/summary.json,1.677277250009775,2.144176969314985,16.799999999999997,0.84,3.1432019233703614,1.4659246733605864,1.1833110130265352,1.81469330271283,7.6,0.76,2.6357729506492613,1.4524619376227261,0.7904344323724508,1.5420191163740198,3.9,0.78,2.2487491089105607,1.4583146765381099,14.125762939453125,0.4189260005950928,80
0.9064418827405303,0.8386729866919468,1.6995105827957393,16.799999999999997,3.1650938415527343,1.465583258756995,1.2496766570165752,8.2,2.7247259533405304,1.4750492963239552,0.8133479791358118,3.95,2.288705253303051,1.4753572741672394,0.9349405035314142,0.8453570134280536,0.88,0.84,0.87,NPO,190.12136220932007,-0.4756797399831176,0.6386486684593953,0.4664212891366333,2,0.16296892847627767,1.978679752908647,1.5122584637720138,forget10,1e-05,1.4686805675029755,0.3035652039423585,Llama-2-7b-chat-hf,0.9064418827405303,8,1e-05,retain90,Llama-2-7b-chat-hf_forget10_retain90_NPO_seed0_fb2_pb8_both_66148_59,0,0.17725831288852237,0.11983295933183732,0.09051561754941928,1.5999999999999999,1.5499730551242827,1.4594574375748635,0.2185342316195369,1.7999999999999998,1.6875255915522576,1.4689913599327207,0.20728962681740537,1.5499999999999998,1.678063494116068,1.4707738672986626,0.8804170442819939,0.7617979911919647,1.702560389727354,17.599999999999998,3.165038368701935,1.4624779789745808,1.2466682958185673,9.2,2.7205799269676207,1.4739116311490534,0.8306895277410749,4.1,2.2938021987676622,1.4631126710265874,0.8386729866919468,results/piper_pi_required/Llama-2-7b-chat-hf_forget10_retain90_NPO_seed0_fb2_pb8_both_66148_59/summary.json,1.682657173746824,2.135061760336279,16.799999999999997,0.84,3.1650938415527343,1.4824366678059102,1.256268895466626,1.8555026439012838,8.2,0.82,2.7247259533405304,1.4684570578739045,0.8145440824836494,1.5525475087848712,3.95,0.79,2.288705253303051,1.4741611708194018,13.862022399902344,0.3872016966342926,80
0.3168640204344996,0.3657965031860127,0.5312859670460222,3.1999999999999997,1.9869598031044007,1.4556738360583785,0.4333935851365327,1.5999999999999999,1.8781835597753525,1.4447899746388198,0.2674072934642433,1.5999999999999999,1.712655048519373,1.4452477550551297,0.04239807140253937,-0.09825437701750807,0.16,0.1,0.11,NPO,1823.1876776218414,-0.47133576838051694,0.6491012279246597,0.44434846087824553,1,0.1777654595441428,1.8596332524903119,1.4152847916120663,forget10,1e-05,1.447188507348299,0.0731687764513772,Llama-2-7b-chat-hf,0.3168640204344996,128,1e-05,retain90,Llama-2-7b-chat-hf_forget10_retain90_NPO_seed1_fb1_pb128_both_66192_67,1,0.20623850031721203,0.2004865299461198,0.37161403215527544,4.8,1.8307527083158492,1.4591386761605738,0.19642202463001013,2.1999999999999997,1.6432645943760873,1.4468425697460772,0.16056141576319916,1.4999999999999998,1.6096338707208633,1.4490724549576641,0.8426118206984544,0.6108879795519182,1.7320386041164395,19.2,3.185791003704071,1.4537523995876314,1.193510639090836,8.6,2.647364076972008,1.4538534378811718,0.7289807181313632,3.5999999999999996,2.169923500716686,1.440942782585323,0.3657965031860127,results/piper_pi_required/Llama-2-7b-chat-hf_forget10_retain90_NPO_seed1_fb1_pb128_both_66192_67/summary.json,0.5465400783389804,1.3794311261795498,3.1999999999999997,0.16,1.9869598031044007,1.4404197247654202,0.4300819001108407,1.2969970355606661,1.5999999999999999,0.16,1.8781835597753525,1.4481016596645118,0.26200648828819406,1.180613344590119,1.5999999999999999,0.32,1.712655048519373,1.450648560231179,14.239176750183105,0.09947303682565689,80
0.7398177123604757,0.5803242412969651,1.5082428457796575,14.399999999999999,2.970501148700714,1.4622583029210565,1.001932899180055,5.6000000000000005,2.453656804561615,1.4517239053815603,0.6337938396826388,3.05,2.0860711234807967,1.452277283798158,0.7102468261987149,0.416254209016836,0.76,0.6,0.44,NPO,301.9880208969116,-0.4724853516061285,0.6491012279246597,0.44434846087824553,1,0.1766158763185313,1.866228480823338,1.4218800199450925,forget10,1e-05,1.4541395262777805,0.16373709367588163,Llama-2-7b-chat-hf,0.7398177123604757,16,1e-05,retain90,Llama-2-7b-chat-hf_forget10_retain90_NPO_seed1_fb1_pb16_both_66164_64,1,0.20643215627890577,0.20047769791079165,0.37259900767207155,4.8,1.838535630106926,1.4659366224348545,0.19907794242352228,2.0,1.6529770639538766,1.4538991215303543,0.16102101144641634,1.4499999999999997,1.6170001208782196,1.4559791094318033,0.8527583808749604,0.6198068952275808,1.7021617201924322,18.4,3.1630670714378355,1.4609053512454033,1.1628064335301522,8.2,2.62379211306572,1.4609856795355676,0.6896412232771516,3.3,2.1374304699897766,1.447789246712625,0.5803242412969651,results/piper_pi_required/Llama-2-7b-chat-hf_forget10_retain90_NPO_seed1_fb1_pb16_both_66164_64/summary.json,1.5231053308576343,2.0523074006994007,14.399999999999999,0.72,2.970501148700714,1.4473958178430797,0.9984852870911365,1.6861632976618461,5.6000000000000005,0.56,2.453656804561615,1.4551715174704787,0.6283427592404187,1.4310424182271078,3.05,0.61,2.0860711234807967,1.457728364240378,13.74116039276123,0.10194513201713562,80
0.4185010458720172,0.39417056868227474,0.8684156096875666,5.6000000000000005,2.3210721862316133,1.4526565765440467,0.5715958814293143,2.6,2.014111215472221,1.4425153340429069,0.3586949274614455,1.8499999999999999,1.8016642652451993,1.4429693377837538,0.19864518741082354,-0.029475381901527604,0.32,0.22,0.16,NPO,511.332688331604,-0.4710705694879793,0.6491012279246597,0.44434846087824553,1,0.17803065843668053,1.8578021405264735,1.413453679648228,forget10,1e-05,1.4448961926996708,0.08143130554072558,Llama-2-7b-chat-hf,0.4185010458720172,32,1e-05,retain90,Llama-2-7b-chat-hf_forget10_retain90_NPO_seed1_fb1_pb32_both_66167_65,1,0.2045483695793865,0.20039696158784634,0.3677895438015464,4.8,1.823648287653923,1.4558587438523767,0.19396999001353965,2.1999999999999997,1.638353982269764,1.4443839922562243,0.15840423106700174,1.4499999999999997,1.604861854314804,1.4464576232478024,0.8499868802648181,0.6251780207120827,1.6621721710085864,18.4,3.1137286496162413,1.451556478607655,1.160550416858494,8.799999999999999,2.6117958241701125,1.4512454073116186,0.7074268385484814,3.55,2.146132797896862,1.4387059593483806,0.39417056868227474,results/piper_pi_required/Llama-2-7b-chat-hf_forget10_retain90_NPO_seed1_fb1_pb32_both_66167_65/summary.json,0.8836618079870942,1.6147595852663126,5.6000000000000005,0.28,2.3210721862316133,1.4374103782445191,0.5687824077874419,1.3935314959220624,2.6,0.26,2.014111215472221,1.4453288076847792,0.3532992085255684,1.2439296687575077,1.8499999999999999,0.37,1.8016642652451993,1.448365056719631,13.764678955078125,0.1285599321126938,80
0.06828027006685485,0.08638508154032616,0.30729756092429183,0.7999999999999999,1.7267963540554048,1.419498793131113,0.20959652604162704,0.6,1.6191914480924607,1.4095949220508337,0.1160807807043196,1.25,1.5262411367893218,1.4101603560850022,-0.2067162711241216,-0.4132467089868359,0.04,0.02,0.04,NPO,927.8014099597931,-0.4665823659661423,0.6491012279246597,0.44434846087824553,1,0.1825188619585175,1.8249495192430913,1.3806010583648458,forget10,1e-05,1.4116940160095692,0.03490158758172766,Llama-2-7b-chat-hf,0.06828027006685485,64,1e-05,retain90,Llama-2-7b-chat-hf_forget10_retain90_NPO_seed1_fb1_pb64_both_66188_66,1,0.19813359703630776,0.19462705050820203,0.359659027928114,4.8,1.782032124400139,1.422373096472025,0.18621595606058872,2.0,1.597000999748707,1.4107850436881182,0.15335410250276338,1.4499999999999997,1.5667154532670975,1.4133613507643341,0.854429587699459,0.6256761667046667,1.6687489046335218,18.4,3.0869390034675597,1.418190098834038,1.1686664856925604,9.0,2.5869191402196883,1.418252654527128,0.7106235349580645,3.65,2.116371041834354,1.4057475068762897,0.08638508154032616,results/piper_pi_required/Llama-2-7b-chat-hf_forget10_retain90_NPO_seed1_fb1_pb64_both_66188_66/summary.json,0.3228596531480552,1.2299673859508014,0.7999999999999999,0.04,1.7267963540554048,1.4039367009073496,0.2068463147312405,1.146455926278423,0.6,0.06,1.6191914480924607,1.4123451333612203,0.11109673185721025,1.078505579692088,1.25,0.25,1.5262411367893218,1.4151444049321116,14.020538330078125,0.1312936395406723,80
0.4835944028095023,0.3980088560354241,1.0260237551987172,8.799999999999999,2.471020609140396,1.4449968539416789,0.6397125500172376,3.1999999999999997,2.07484084546566,1.4351282954484226,0.3735847345218062,1.95,1.8090278320014477,1.4354430974796415,0.6796604436576283,0.7218107592430368,0.52,0.32,0.37,NPO,197.4474561214447,-0.4688054944057296,0.6491012279246597,0.44434846087824553,1,0.1802957335189301,1.8454065257683396,1.401058064890094,forget10,1e-05,1.4373054036200046,0.09234311078488827,Llama-2-7b-chat-hf,0.4835944028095023,8,1e-05,retain90,Llama-2-7b-chat-hf_forget10_retain90_NPO_seed1_fb1_pb8_both_66158_63,1,0.19916261924145662,0.19665457861831448,0.35318670421242726,4.8,1.8010478276014328,1.4478611233890055,0.1870252010807394,2.0,1.623903422653675,1.4368782215729357,0.1527236404165626,1.4499999999999997,1.5917342221736908,1.4390105817571281,0.7241537238849892,0.4549881559526238,1.4013915641784664,13.6,2.845202271938324,1.4438107077598574,0.957982586379349,6.3999999999999995,2.4016301190853118,1.4436475327059628,0.5867069759711623,2.75,2.0181691578030585,1.4314621818318962,0.3980088560354241,results/piper_pi_required/Llama-2-7b-chat-hf_forget10_retain90_NPO_seed1_fb1_pb8_both_66158_63/summary.json,1.0414954286307097,1.7285603939200094,8.799999999999999,0.44,2.471020609140396,1.4295251805096865,0.6376597522169354,1.4436878241805393,3.1999999999999997,0.32,2.07484084546566,1.4371810932487248,0.36818621408417807,1.255535521396439,1.95,0.39,1.8090278320014477,1.4408416179172696,13.858701705932617,0.12957316637039185,80
0.7925367703964745,0.6850197640790563,1.421431718200445,15.2,2.8381751656532286,1.4167434474527836,0.9005388293355707,5.799999999999999,2.3098361611366274,1.4092973318010567,0.6129865036353466,3.1999999999999997,2.0213576328754423,1.4083711292400958,0.9071809233883227,0.6923507374029495,0.96,0.86,0.78,NPO,381.9037857055664,-0.4732317271773938,0.6474224585689043,0.4475009294692427,2,0.17419073139151056,1.8895199508406222,1.4420190213713795,forget10,1e-05,1.4114663417637348,0.25527913485374304,Llama-2-7b-chat-hf,0.7925367703964745,16,1e-05,retain90,Llama-2-7b-chat-hf_forget10_retain90_NPO_seed1_fb2_pb16_both_66199_69,1,0.1962400502702431,0.23348550994203976,0.305255340844393,4.0,1.7267378109693527,1.4214824701249598,0.17094311910718685,1.7999999999999998,1.5892552092671395,1.4183120901599526,0.13520580248087644,1.0999999999999999,1.5468352234363556,1.4116294209554792,0.7100088899947193,0.4217482149928599,1.4163276269078255,15.2,2.83613352060318,1.4198058936953544,0.8827564909234644,5.6000000000000005,2.297577241063118,1.4148207501396535,0.5314437280520796,2.7,1.9371381437778472,1.4056944157257676,0.6850197640790563,results/piper_pi_required/Llama-2-7b-chat-hf_forget10_retain90_NPO_seed1_fb2_pb16_both_66199_69/summary.json,1.4334192824572323,2.0204045411762386,15.2,0.76,2.8381751656532286,1.4047558831959963,0.8994802368789914,1.6377682550966328,5.799999999999999,0.58,2.3098361611366274,1.410355924257636,0.6067580456472932,1.428925648731604,3.1999999999999997,0.64,2.0213576328754423,1.4145995872281492,13.754648208618164,0.18830138444900513,80
0.8257791311456046,0.7275456301825206,1.5143572575390343,16.0,3.1248841297626497,1.6105268722236155,1.0528485199421647,6.6,2.655253859758377,1.6024053398162124,0.6748351730272173,3.25,2.2776534140110014,1.6028182409837841,0.776562845032172,0.46496029184116733,0.8,0.68,0.62,NPO,522.9703905582428,-0.498000694155871,0.6474224585689043,0.4475009294692427,2,0.1494217644130334,2.0440561221912503,1.5965551927220076,forget10,1e-05,1.6047242363989354,0.19916642228560522,Llama-2-7b-chat-hf,0.8257791311456046,32,1e-05,retain90,Llama-2-7b-chat-hf_forget10_retain90_NPO_seed1_fb2_pb32_both_66200_70,1,0.2126139741979278,0.21268635474541897,0.38910459007620823,4.8,2.005566226840019,1.616461636763811,0.2233990199550986,2.1999999999999997,1.8308903887867927,1.607491368831694,0.16346248833984123,1.3,1.7698778557777404,1.6064153674378991,0.8132837443623415,0.5688068832275328,1.632770008277893,18.4,3.2468317914009095,1.6140617831230164,1.0806339048460125,7.199999999999999,2.694168546795845,1.6135346419498324,0.6634993168875574,2.9499999999999997,2.2614316862821577,1.5979323693946004,0.7275456301825206,results/piper_pi_required/Llama-2-7b-chat-hf_forget10_retain90_NPO_seed1_fb2_pb32_both_66200_70/summary.json,1.5268383233278993,1.9554408998664967,16.0,0.8,3.1248841297626497,1.5980458064347505,1.0491047488600016,1.6531801697248398,6.6,0.66,2.655253859758377,1.6061491108983754,0.6697167811818419,1.4165069490353468,3.25,0.65,2.2776534140110014,1.6079366328291596,13.913121223449707,0.07873731851577759,80
0.8365089455304585,0.7483924015696062,1.5067531753122805,17.599999999999998,2.957237433195114,1.4504842578828336,0.9700965318888426,6.3999999999999995,2.412400035262108,1.4423035033732652,0.633132462914288,3.3,2.0755025190114975,1.4423700560972095,0.8726294771966397,0.609817095268381,0.92,0.82,0.75,NPO,1197.9989700317383,-0.47841476478620815,0.6474224585689043,0.4475009294692427,2,0.1690076937826962,1.9192523336969316,1.471751404227689,forget10,1e-05,1.4452882013618946,0.26752655681991017,Llama-2-7b-chat-hf,0.8365089455304585,64,1e-05,retain90,Llama-2-7b-chat-hf_forget10_retain90_NPO_seed1_fb2_pb64_both_66206_71,1,0.1903201754423797,0.2279075036300145,0.3007821475684642,4.8,1.7567601317167283,1.455977984148264,0.16119029176682242,1.7999999999999998,1.6124124005436897,1.4512221087768673,0.1326980579778554,1.15,1.5784693038463593,1.445771245868504,0.7211220207315452,0.45042151368605476,1.4729540520787239,17.599999999999998,2.9269904685020447,1.4540364164233208,0.9457495583131905,5.799999999999999,2.395351851582527,1.4496022932693364,0.5730653817638756,2.75,2.0120688262581825,1.439003444494307,0.7483924015696062,results/piper_pi_required/Llama-2-7b-chat-hf_forget10_retain90_NPO_seed1_fb2_pb64_both_66206_71/summary.json,1.5191292467206716,2.0563386405892414,17.599999999999998,0.88,2.957237433195114,1.4381081864744425,0.9668974464744327,1.6689005291131007,6.3999999999999995,0.64,2.412400035262108,1.4455025887876751,0.6270290808029473,1.4328895955306211,3.3,0.66,2.0755025190114975,1.4484734382085502,13.960653305053711,0.13591092824935913,80
0.7562884834235364,0.5378302473209893,1.4227709383904932,16.799999999999997,2.8546426701545715,1.4318717317640783,0.9199444639474155,5.799999999999999,2.342849778532982,1.4229053145855663,0.5338325983598828,2.7,1.9566117468476296,1.4227791484877468,0.9903817800438365,0.9706948267793071,1.0,0.9,0.93,NPO,248.14409804344177,-0.4732903290311111,0.6474224585689043,0.4475009294692427,2,0.1741321295377932,1.8920577191747725,1.4445567897055298,forget10,1e-05,1.4254156794846058,0.48352791080623864,Llama-2-7b-chat-hf,0.7562884834235364,8,1e-05,retain90,Llama-2-7b-chat-hf_forget10_retain90_NPO_seed1_fb2_pb8_both_66196_68,1,0.18977913561644627,0.23218700874803497,0.2872235773503782,4.8,1.7216319864988328,1.4344084091484546,0.15620315849631994,2.0,1.5880184987187385,1.4318153402224185,0.1275845717653632,1.0999999999999999,1.5529544687271117,1.4253698969617485,0.7204471450190388,0.43996985587942355,1.4209287759900093,16.799999999999997,2.8546426701545715,1.4337138941645622,0.8891144993141296,5.799999999999999,2.3185954874753953,1.4294809881612658,0.545921640498936,2.8000000000000003,1.9651042851805687,1.4191826446816327,0.5378302473209893,results/piper_pi_required/Llama-2-7b-chat-hf_forget10_retain90_NPO_seed1_fb2_pb8_both_66196_68/summary.json,1.435372978231311,2.011346177826308,16.799999999999997,0.84,2.8546426701545715,1.4192696919232606,0.9179916629821061,1.6442688243574302,5.799999999999999,0.58,2.342849778532982,1.4248581155508757,0.5277190262712539,1.3693202566378717,2.7,0.54,1.9566117468476296,1.4288927205763757,13.864543914794922,0.16495540738105774,80
0.3271462009476679,0.2062815931263725,1.0015243711292743,5.6000000000000005,2.798239450454712,1.7967150793254376,0.7098589888960125,2.9999999999999996,2.5235445320606233,1.8136855431646108,0.3499677588872614,1.5499999999999998,2.1551981282234194,1.805230369336158,0.3936087581551606,0.2251571886287545,0.32,0.32,0.29,NPO,2300.5079753398895,-0.5063304550605487,0.6450329030906646,0.45028283179271966,1,0.13870244803011586,2.1917093144729733,1.7414264826802537,forget10,1e-05,1.8066721147596836,0.11418874172272626,Llama-2-7b-chat-hf,0.3271462009476679,128,1e-05,retain90,Llama-2-7b-chat-hf_forget10_retain90_NPO_seed2_fb1_pb128_both_66216_76,2,0.11741592698116146,0.12882118728474912,0.19475652611553684,2.4,1.9860434019565583,1.7912868758410214,0.18535141022354362,1.4000000000000001,1.9862026017904282,1.8008511915668846,0.10817405895814303,1.0999999999999999,1.9121380794048308,1.8039640204466878,0.8771329184548687,0.799567518270073,2.3989091994494203,16.799999999999997,4.209187297821045,1.810278098371625,1.7242674682185055,8.2,3.5347942662239076,1.810526798005402,1.1132912341892718,3.95,2.91368178576231,1.800390551573038,0.2062815931263725,results/piper_pi_required/Llama-2-7b-chat-hf_forget10_retain90_NPO_seed2_fb1_pb128_both_66216_76/summary.json,0.9943351583749058,1.551212812531473,5.6000000000000005,0.28,2.798239450454712,1.803904292079806,0.7243180343404414,1.402571902569372,2.9999999999999996,0.3,2.5235445320606233,1.799226497720182,0.3456253395318989,1.1909983072755068,1.5499999999999998,0.31,2.1551981282234194,1.8095727886915205,13.977825164794922,0.02118012122809887,80
0.6523281126412941,0.4042711530846123,2.24057133603692,16.0,4.035406446456909,1.7948351104199884,1.4854515722483392,6.6,3.2978140050172806,1.8123624327689414,0.829145341476053,2.8499999999999996,2.6320714262127876,1.8029260847367345,0.6631086776806252,0.36535634142536566,0.76,0.7,0.57,NPO,317.89374256134033,-0.5044750065950628,0.6450329030906646,0.45028283179271966,1,0.1405578964956018,2.1808610567823052,1.7305782249895856,forget10,1e-05,1.8049877404272556,0.16325698684901,Llama-2-7b-chat-hf,0.6523281126412941,16,1e-05,retain90,Llama-2-7b-chat-hf_forget10_retain90_NPO_seed2_fb1_pb16_both_66209_73,2,0.11694524481932,0.1311198204792819,0.196750044336915,2.4,1.986194816827774,1.789444772490859,0.18602676756531,1.4000000000000001,1.9851407045125962,1.7991139369472862,0.11025163027271634,1.0499999999999998,1.9129056882858277,1.8026540580131114,0.8988926175355787,0.8357424789699158,2.4515983838886024,17.599999999999998,4.259940690994263,1.8083423071056604,1.7654945227667689,8.2,3.57473802447319,1.8092435017064212,1.1663205581098794,4.1499999999999995,2.964790962934494,1.7984704048246147,0.4042711530846123,results/piper_pi_required/Llama-2-7b-chat-hf_forget10_retain90_NPO_seed2_fb1_pb16_both_66209_73/summary.json,2.2333574670583007,2.2393433766731645,16.0,0.8,4.035406446456909,1.802048979398608,1.4998191646531223,1.834162107133386,6.6,0.66,3.2978140050172806,1.7979948403641584,0.824379740858078,1.4560400136466392,2.8499999999999996,0.57,2.6320714262127876,1.8076916853547096,13.926055908203125,0.02604084089398384,80
0.5817287145896443,0.3864073056292225,1.8175366795599461,11.999999999999998,3.6307141053676606,1.8131774258077145,1.3658425806075334,5.6000000000000005,3.1966525357961655,1.830809955188632,0.7693036921910945,2.5,2.5910342273116114,1.8217305351205169,0.6040198135546283,0.3352709730838923,0.6,0.58,0.49,NPO,526.9572052955627,-0.506955228325553,0.6450329030906646,0.45028283179271966,1,0.13807767476511168,2.201212133280933,1.7509293014882132,forget10,1e-05,1.8234896428883076,0.14558321516495198,Llama-2-7b-chat-hf,0.5817287145896443,32,1e-05,retain90,Llama-2-7b-chat-hf_forget10_retain90_NPO_seed2_fb1_pb32_both_66211_74,2,0.1174950364466428,0.12871174684698736,0.18619059841930885,2.4,1.9931781303882599,1.806987531968951,0.1876033935025332,1.2,2.0055624574422835,1.8179590639397503,0.11060046165809045,1.0499999999999998,1.9318053019046784,1.821204840246588,0.9006613150284951,0.8370445321781287,2.4659885108083484,18.4,4.291869270801544,1.8258807599931957,1.7453004384145139,8.2,3.572843848466873,1.827543410052359,1.1873933911114931,4.25,3.004418466389179,1.817025075277686,0.3864073056292225,results/piper_pi_required/Llama-2-7b-chat-hf_forget10_retain90_NPO_seed2_fb1_pb32_both_66211_74/summary.json,1.8096237264782191,1.9937034138754743,11.999999999999998,0.6,3.6307141053676606,1.8210903788894415,1.3794979249194261,1.7591527526949657,5.6000000000000005,0.56,3.1966525357961655,1.8171546108767394,0.7648282627075913,1.4188072306912165,2.5,0.5,2.5910342273116114,1.82620596460402,13.858348846435547,0.021866822615265846,80
0.5855788186853068,0.3824865539462157,1.8033418408691884,11.999999999999998,3.6148528611660002,1.8115110202968119,1.4093410047441721,5.6000000000000005,3.2380314761400224,1.8286904713958503,0.7790481853596867,2.55,2.5991618418693543,1.8201136565096676,0.6299632484076426,0.350628634514538,0.64,0.64,0.5,NPO,957.4422874450684,-0.5073521860863955,0.6450329030906646,0.45028283179271966,1,0.13768071700426912,2.20142802875489,1.7511451969621703,forget10,1e-05,1.821795562773943,0.15561969430139289,Llama-2-7b-chat-hf,0.5855788186853068,64,1e-05,retain90,Llama-2-7b-chat-hf_forget10_retain90_NPO_seed2_fb1_pb64_both_66212_75,2,0.11843048072492177,0.12910314041256163,0.18718150925934318,2.4,1.9923214876651765,1.8051399784058333,0.1873767980530856,1.4000000000000001,2.0036212891340255,1.8162444910809399,0.11163863688334841,1.0499999999999998,1.9312068974971772,1.8195682606138288,0.8968071882642812,0.8361580646322584,2.429171297344566,17.599999999999998,4.253689870834351,1.824518573489785,1.7400314299330117,8.2,3.5656314980983734,1.8256000681653617,1.1707199915319682,4.25,2.9861962053179743,1.815476213786006,0.3824865539462157,results/piper_pi_required/Llama-2-7b-chat-hf_forget10_retain90_NPO_seed2_fb1_pb64_both_66212_75/summary.json,1.7951868097454307,1.9865473988174762,11.999999999999998,0.6,3.6148528611660002,1.8196660514205696,1.4229558865502476,1.7839650837196537,5.6000000000000005,0.56,3.2380314761400224,1.8150755895897748,0.7745947769731283,1.424536204711765,2.55,0.51,2.5991618418693543,1.824567064896226,13.73153305053711,0.02236410789191723,80
0.7028902096341018,0.4611738446953787,2.347469078606367,16.0,4.157069782018661,1.8096007034122943,1.5607913733035321,6.8,3.387969071269035,1.827177697965503,0.9504985342197116,3.3,2.768831993639469,1.8183334594197573,0.8527571563457415,0.6736051264205056,0.88,0.82,0.71,NPO,214.02570843696594,-0.5063731821567694,0.6450329030906646,0.45028283179271966,1,0.13865972093389523,2.194750776514411,1.7444679447216913,forget10,1e-05,1.8198896891176701,0.1584968520924449,Llama-2-7b-chat-hf,0.7028902096341018,8,1e-05,retain90,Llama-2-7b-chat-hf_forget10_retain90_NPO_seed2_fb1_pb8_both_66207_72,2,0.11975673418443444,0.1322813291253165,0.19843871480524555,2.4,2.002181593179703,1.8037428783744573,0.1908128686800601,1.4000000000000001,2.004984957575798,1.814172088895738,0.11394067364856597,1.0499999999999998,1.9314899885654448,1.8175493149168789,0.7828036677755292,0.6365081780327121,2.2767486840814346,16.0,4.099329102039337,1.8225804179579022,1.6412674706205728,7.3999999999999995,3.4651582288742064,1.8238907582536337,0.9624034949213267,3.4499999999999997,2.775993163883686,1.8135896689623592,0.4611738446953787,results/piper_pi_required/Llama-2-7b-chat-hf_forget10_retain90_NPO_seed2_fb1_pb8_both_66207_72/summary.json,2.3402170348435636,2.2880609276025314,16.0,0.8,4.157069782018661,1.8168527471750975,1.574942341287434,1.8686812583857584,6.8,0.68,3.387969071269035,1.8130267299816012,0.9461899628847836,1.519130990572517,3.3,0.66,2.768831993639469,1.8226420307546853,13.853053092956543,0.0218762569129467,80
0.5354062303490669,0.5080817443269773,0.999316409152746,6.3999999999999995,2.498914996385574,1.4995985872328281,0.7993046608597041,4.0,2.316526138186455,1.5172214773267507,0.530757377847284,2.8000000000000003,2.0423462516069413,1.5115888737596572,0.42455476164231415,0.25969179076716303,0.36,0.42,0.45,NPO,302.4373867511749,-0.4759201554574815,0.6431562540181214,0.45368913980200887,2,0.16723609856063976,1.927438952960074,1.473749813158065,forget10,1e-05,1.5120473164618016,0.13476478387322277,Llama-2-7b-chat-hf,0.5354062303490669,16,1e-05,retain90,Llama-2-7b-chat-hf_forget10_retain90_NPO_seed2_fb2_pb16_both_66221_78,2,0.09156660233097316,0.09546882987531949,0.09003424258530113,1.5999999999999999,1.590309373140335,1.500275130555034,0.11474780219942349,1.2,1.6227671951055527,1.5080193929061292,0.06623581285402191,1.15,1.57523956656456,1.509003753710538,0.8531506760239566,0.7036918387673551,1.744195637759566,18.4,3.257745885848999,1.513550248089433,1.2244356687054037,8.6,2.7399009597301482,1.5154652910247446,0.7928390254974365,3.9,2.3032317364215853,1.5103927109241488,0.5080817443269773,results/piper_pi_required/Llama-2-7b-chat-hf_forget10_retain90_NPO_seed2_fb2_pb16_both_66221_78/summary.json,0.989873412004113,1.6559616529122032,6.3999999999999995,0.32,2.498914996385574,1.509041584381461,0.8092435864642264,1.5368891091717216,4.0,0.4,2.316526138186455,1.5072825517222284,0.5286283156663181,1.3492251119676593,2.8000000000000003,0.56,2.0423462516069413,1.5137179359406232,13.251598358154297,0.001295069931074977,80
0.8324340018914755,0.7451844527378109,1.6823811880052089,15.2,3.2538713026046753,1.5714901145994664,1.1852410763353112,7.6,2.7745906871557238,1.5893496108204126,0.7676990381233395,3.75,2.35162610322237,1.5839270650990307,0.8413744265156153,0.63750447001788,0.8,0.78,0.77,NPO,514.5974614620209,-0.4883655737112726,0.6431562540181214,0.45368913980200887,2,0.1547906803068487,2.00404123775661,1.550352097954601,forget10,1e-05,1.5846296265423299,0.23776719428459184,Llama-2-7b-chat-hf,0.8324340018914755,32,1e-05,retain90,Llama-2-7b-chat-hf_forget10_retain90_NPO_seed2_fb2_pb32_both_66243_79,2,0.08449301630759506,0.08619509678038713,0.07445889225304136,1.5999999999999999,1.646746550798416,1.5722876585453747,0.1056702536717058,1.2,1.686451684832573,1.5807814311608672,0.06072616389021257,1.0999999999999999,1.6421669620275496,1.581440798137337,0.8550901460628221,0.6947237708950835,1.7701131368130443,18.4,3.354736270904541,1.5846231340914967,1.2248421029493213,8.6,2.8124155592918396,1.5875734563425183,0.7874640919417146,3.65,2.370743429660797,1.5832793377190826,0.7451844527378109,results/piper_pi_required/Llama-2-7b-chat-hf_forget10_retain90_NPO_seed2_fb2_pb32_both_66243_79/summary.json,1.671745947304368,2.056645696059305,15.2,0.76,3.2538713026046753,1.5821253553003072,1.1954084997132424,1.7569794728049912,7.6,0.76,2.7745906871557238,1.5791821874424814,0.7654142902731895,1.4825422960695804,3.75,0.75,2.35162610322237,1.5862118129491807,13.369016647338867,0.0007667894824407995,80
0.8221412554506866,0.7378353353413413,1.6281726949989794,16.799999999999997,3.140331528186798,1.5121588331878186,1.1031606884866954,7.3999999999999995,2.63365006506443,1.5304893765777348,0.7441121592037383,3.6999999999999997,2.2687180083990097,1.5246058491952714,0.890980209056615,0.7235390541562166,0.88,0.8,0.81,NPO,938.9422163963318,-0.47965304242232615,0.6431562540181214,0.45368913980200887,2,0.16350321159579517,1.9551085350103676,1.5014193952083588,forget10,1e-05,1.5252962333261966,0.2662002038927749,Llama-2-7b-chat-hf,0.8221412554506866,64,1e-05,retain90,Llama-2-7b-chat-hf_forget10_retain90_NPO_seed2_fb2_pb64_both_65816_80,2,0.08872251081181187,0.1044627218508874,0.0671514414817096,1.5999999999999999,1.5808463490009308,1.5136949075192212,0.10875767491608856,1.2,1.628951672911644,1.5201939979955554,0.05873197215124937,1.0499999999999998,1.5809381192922591,1.5222061471410098,0.8322117123126399,0.6521482725930904,1.683098415479064,18.4,3.209308137893677,1.526209722414613,1.1745302541658282,8.399999999999999,2.7029280853271485,1.5283978311613202,0.7454953450411557,3.55,2.2692203256487846,1.523724980607629,0.7378353353413413,results/piper_pi_required/Llama-2-7b-chat-hf_forget10_retain90_NPO_seed2_fb2_pb64_both_65816_80/summary.json,1.6167097670942545,2.0610965322095165,16.799999999999997,0.84,3.140331528186798,1.5236217610925435,1.1134614628747106,1.732449553477017,7.3999999999999995,0.74,2.63365006506443,1.5201886021897195,0.7420123545348645,1.4860218815963675,3.6999999999999997,0.74,2.2687180083990097,1.5267056538641453,13.658432006835938,0.0013092751614749432,80
0.8309292111169589,0.7725249780999123,1.573765979021787,14.399999999999999,3.0758147931098936,1.5020488140881065,1.1019323178589344,7.199999999999999,2.6212516140937807,1.5193192962348463,0.747267857608944,3.5999999999999996,2.260981828570366,1.5137139709614218,0.8808791184651237,0.7894225816903266,0.68,0.72,0.82,NPO,196.74005508422852,-0.4761234777054184,0.6431562540181214,0.45368913980200887,2,0.1670327763127029,1.9280135445296764,1.4743244047276676,forget10,1e-05,1.5142608921229839,0.27048988949134944,Llama-2-7b-chat-hf,0.8309292111169589,8,1e-05,retain90,Llama-2-7b-chat-hf_forget10_retain90_NPO_seed2_fb2_pb8_both_66217_77,2,0.09174951923340349,0.09425519302077208,0.08890323935449151,1.5999999999999999,1.5913703644275665,1.502467125073075,0.11459301860183468,1.2,1.6247862952947616,1.510193276692927,0.06529747481569648,1.15,1.5764623844623566,1.5111649096466602,0.8525837977671622,0.7014771099084395,1.7299536251157521,18.4,3.245365765094757,1.5154121399790048,1.2126720151916146,8.399999999999999,2.730311106443405,1.5176390912517905,0.7944992273777725,3.95,2.3071182182431222,1.5126189908653498,0.7725249780999123,results/piper_pi_required/Llama-2-7b-chat-hf_forget10_retain90_NPO_seed2_fb2_pb8_both_66217_77/summary.json,1.5646265760868787,2.0353618155977524,14.399999999999999,0.72,3.0758147931098936,1.5111882170230149,1.111529230244458,1.736247433392624,7.199999999999999,0.72,2.6212516140937807,1.5097223838493228,0.745136548618972,1.4915650419433737,3.5999999999999996,0.72,2.260981828570366,1.5158452799513937,13.412853240966797,0.0014708794187754393,80
